x-axis,1,2
second,Volt,Volt
-2.000000E-03,-205.519784E-03,-199.819407E-03
-1.995000E-03,-205.488377E-03,-199.568151E-03
-1.990000E-03,-205.519784E-03,-197.966392E-03
-1.985000E-03,-205.519784E-03,-196.663000E-03
-1.980000E-03,-205.519784E-03,-195.516643E-03
-1.975000E-03,-205.519784E-03,-193.223930E-03
-1.970000E-03,-205.519784E-03,-192.250312E-03
-1.965000E-03,-205.771041E-03,-190.318779E-03
-1.960000E-03,-205.456970E-03,-188.889759E-03
-1.955000E-03,-205.519784E-03,-188.167397E-03
-1.950000E-03,-205.519784E-03,-188.151694E-03
-1.945000E-03,-205.519784E-03,-188.261618E-03
-1.940000E-03,-205.519784E-03,-188.512875E-03
-1.935000E-03,-205.519784E-03,-189.141015E-03
-1.930000E-03,-205.519784E-03,-190.522925E-03
-1.925000E-03,-205.519784E-03,-192.171794E-03
-1.920000E-03,-205.519784E-03,-193.867774E-03
-1.915000E-03,-205.519784E-03,-195.862121E-03
-1.910000E-03,-205.519784E-03,-197.071292E-03
-1.905000E-03,-205.535488E-03,-198.782975E-03
-1.900000E-03,-205.519784E-03,-199.568151E-03
-1.895000E-03,-205.441267E-03,-199.976442E-03
-1.890000E-03,-205.661116E-03,-200.070663E-03
-1.885000E-03,-205.614005E-03,-199.222673E-03
-1.880000E-03,-205.519784E-03,-198.217648E-03
-1.875000E-03,-205.535488E-03,-196.788628E-03
-1.870000E-03,-205.566895E-03,-195.877824E-03
-1.865000E-03,-205.692523E-03,-193.946292E-03
-1.860000E-03,-205.268528E-03,-192.140387E-03
-1.855000E-03,-205.519784E-03,-190.836995E-03
-1.850000E-03,-205.519784E-03,-188.952573E-03
-1.845000E-03,-205.519784E-03,-188.026066E-03
-1.840000E-03,-205.519784E-03,-188.277322E-03
-1.835000E-03,-205.598302E-03,-188.261618E-03
-1.830000E-03,-205.645412E-03,-188.512875E-03
-1.825000E-03,-205.519784E-03,-189.565010E-03
-1.820000E-03,-205.519784E-03,-190.067523E-03
-1.815000E-03,-205.551191E-03,-192.046166E-03
-1.810000E-03,-205.504081E-03,-193.286744E-03
-1.805000E-03,-205.582598E-03,-195.736493E-03
-1.800000E-03,-205.519784E-03,-196.945663E-03
-1.795000E-03,-205.551191E-03,-198.421794E-03
-1.790000E-03,-205.519784E-03,-199.740890E-03
-1.785000E-03,-205.299935E-03,-200.070663E-03
-1.780000E-03,-205.771041E-03,-199.819407E-03
-1.775000E-03,-205.519784E-03,-199.819407E-03
-1.770000E-03,-205.692523E-03,-198.390387E-03
-1.765000E-03,-205.645412E-03,-197.181216E-03
-1.760000E-03,-205.519784E-03,-196.129080E-03
-1.755000E-03,-205.771041E-03,-193.946292E-03
-1.750000E-03,-205.535488E-03,-192.266015E-03
-1.745000E-03,-205.566895E-03,-191.056844E-03
-1.740000E-03,-205.692523E-03,-189.093905E-03
-1.735000E-03,-205.519784E-03,-188.120287E-03
-1.730000E-03,-205.692523E-03,-188.418653E-03
-1.725000E-03,-205.519784E-03,-188.261618E-03
-1.720000E-03,-205.535488E-03,-188.512875E-03
-1.715000E-03,-205.755337E-03,-189.612121E-03
-1.710000E-03,-205.708226E-03,-189.769156E-03
-1.705000E-03,-205.771041E-03,-191.794910E-03
-1.700000E-03,-205.771041E-03,-193.082598E-03
-1.695000E-03,-205.723930E-03,-195.406719E-03
-1.690000E-03,-205.551191E-03,-196.584482E-03
-1.685000E-03,-205.755337E-03,-198.013503E-03
-1.680000E-03,-205.723930E-03,-199.442523E-03
-1.675000E-03,-205.519784E-03,-199.819407E-03
-1.670000E-03,-205.645412E-03,-200.070663E-03
-1.665000E-03,-205.771041E-03,-199.678075E-03
-1.660000E-03,-205.519784E-03,-198.531719E-03
-1.655000E-03,-205.771041E-03,-197.055588E-03
-1.650000E-03,-205.519784E-03,-196.348930E-03
-1.645000E-03,-205.771041E-03,-194.307472E-03
-1.640000E-03,-205.645412E-03,-192.407347E-03
-1.635000E-03,-205.519784E-03,-190.931216E-03
-1.630000E-03,-205.771041E-03,-189.266643E-03
-1.625000E-03,-206.022297E-03,-188.497171E-03
-1.620000E-03,-205.739633E-03,-188.465764E-03
-1.615000E-03,-205.692523E-03,-188.167397E-03
-1.610000E-03,-205.519784E-03,-188.387246E-03
-1.605000E-03,-205.614005E-03,-189.298050E-03
-1.600000E-03,-205.519784E-03,-189.612121E-03
-1.595000E-03,-205.519784E-03,-191.527950E-03
-1.590000E-03,-205.519784E-03,-192.972673E-03
-1.585000E-03,-205.598302E-03,-195.218276E-03
-1.580000E-03,-205.519784E-03,-196.427447E-03
-1.575000E-03,-205.519784E-03,-198.249055E-03
-1.570000E-03,-205.723930E-03,-199.426819E-03
-1.565000E-03,-205.519784E-03,-199.819407E-03
-1.560000E-03,-205.519784E-03,-200.039256E-03
-1.555000E-03,-205.519784E-03,-199.615261E-03
-1.550000E-03,-205.519784E-03,-198.814382E-03
-1.545000E-03,-205.645412E-03,-197.573804E-03
-1.540000E-03,-205.519784E-03,-196.411744E-03
-1.535000E-03,-205.519784E-03,-194.731467E-03
-1.530000E-03,-205.771041E-03,-192.548679E-03
-1.525000E-03,-205.519784E-03,-191.370915E-03
-1.520000E-03,-205.692523E-03,-189.596417E-03
-1.515000E-03,-205.409860E-03,-188.638503E-03
-1.510000E-03,-205.692523E-03,-188.418653E-03
-1.505000E-03,-205.519784E-03,-188.261618E-03
-1.500000E-03,-205.519784E-03,-188.261618E-03
-1.495000E-03,-205.519784E-03,-188.717020E-03
-1.490000E-03,-205.519784E-03,-189.345161E-03
-1.485000E-03,-205.519784E-03,-191.402322E-03
-1.480000E-03,-205.519784E-03,-192.705714E-03
-1.475000E-03,-205.472674E-03,-194.888503E-03
-1.470000E-03,-205.535488E-03,-196.553075E-03
-1.465000E-03,-205.519784E-03,-197.997799E-03
-1.460000E-03,-205.519784E-03,-199.175563E-03
-1.455000E-03,-205.519784E-03,-199.693779E-03
-1.450000E-03,-205.519784E-03,-199.960739E-03
-1.445000E-03,-205.519784E-03,-200.007849E-03
-1.440000E-03,-205.519784E-03,-199.034231E-03
-1.435000E-03,-205.519784E-03,-197.589508E-03
-1.430000E-03,-205.519784E-03,-196.411744E-03
-1.425000E-03,-205.676819E-03,-195.233980E-03
-1.420000E-03,-205.645412E-03,-193.051191E-03
-1.415000E-03,-205.708226E-03,-191.700689E-03
-1.410000E-03,-205.551191E-03,-189.957598E-03
-1.405000E-03,-205.268528E-03,-189.015387E-03
-1.400000E-03,-205.676819E-03,-188.512875E-03
-1.395000E-03,-205.519784E-03,-188.261618E-03
-1.390000E-03,-205.519784E-03,-188.261618E-03
-1.385000E-03,-205.692523E-03,-188.591392E-03
-1.380000E-03,-205.566895E-03,-189.298050E-03
-1.375000E-03,-205.771041E-03,-191.276694E-03
-1.370000E-03,-205.519784E-03,-192.737121E-03
-1.365000E-03,-205.519784E-03,-194.543025E-03
-1.360000E-03,-205.519784E-03,-196.427447E-03
-1.355000E-03,-205.519784E-03,-197.636618E-03
-1.350000E-03,-205.519784E-03,-199.065638E-03
-1.345000E-03,-205.535488E-03,-199.819407E-03
-1.340000E-03,-205.551191E-03,-200.070663E-03
-1.335000E-03,-205.708226E-03,-199.819407E-03
-1.330000E-03,-205.394156E-03,-199.426819E-03
-1.325000E-03,-205.425563E-03,-197.809357E-03
-1.320000E-03,-205.519784E-03,-196.678704E-03
-1.315000E-03,-205.519784E-03,-195.014131E-03
-1.310000E-03,-205.519784E-03,-192.831342E-03
-1.305000E-03,-205.519784E-03,-191.889131E-03
-1.300000E-03,-205.676819E-03,-190.067523E-03
-1.295000E-03,-205.394156E-03,-188.889759E-03
-1.290000E-03,-205.708226E-03,-188.434357E-03
-1.285000E-03,-205.755337E-03,-188.261618E-03
-1.280000E-03,-205.535488E-03,-188.261618E-03
-1.275000E-03,-205.723930E-03,-188.512875E-03
-1.270000E-03,-205.692523E-03,-189.266643E-03
-1.265000E-03,-205.519784E-03,-190.758478E-03
-1.260000E-03,-205.865262E-03,-192.438754E-03
-1.255000E-03,-205.771041E-03,-194.370287E-03
-1.250000E-03,-205.519784E-03,-196.050563E-03
-1.245000E-03,-205.519784E-03,-197.463879E-03
-1.240000E-03,-205.771041E-03,-198.720161E-03
-1.235000E-03,-205.409860E-03,-199.693779E-03
-1.230000E-03,-205.268528E-03,-199.819407E-03
-1.225000E-03,-205.771041E-03,-200.007849E-03
-1.220000E-03,-205.771041E-03,-199.301191E-03
-1.215000E-03,-205.771041E-03,-198.139131E-03
-1.210000E-03,-205.708226E-03,-196.867146E-03
-1.205000E-03,-205.661116E-03,-195.767900E-03
-1.200000E-03,-205.629709E-03,-193.475186E-03
-1.195000E-03,-205.519784E-03,-192.218905E-03
-1.190000E-03,-205.990890E-03,-190.491518E-03
-1.185000E-03,-205.519784E-03,-189.031091E-03
-1.180000E-03,-205.723930E-03,-188.575689E-03
-1.175000E-03,-205.676819E-03,-188.261618E-03
-1.170000E-03,-205.519784E-03,-188.261618E-03
-1.165000E-03,-205.519784E-03,-188.512875E-03
-1.160000E-03,-205.299935E-03,-189.015387E-03
-1.155000E-03,-205.519784E-03,-190.491518E-03
-1.150000E-03,-205.519784E-03,-192.030462E-03
-1.145000E-03,-205.519784E-03,-193.757849E-03
-1.140000E-03,-205.645412E-03,-195.783603E-03
-1.135000E-03,-205.519784E-03,-197.055588E-03
-1.130000E-03,-205.519784E-03,-198.845789E-03
-1.125000E-03,-205.771041E-03,-199.568151E-03
-1.120000E-03,-205.519784E-03,-199.850814E-03
-1.115000E-03,-205.771041E-03,-199.819407E-03
-1.110000E-03,-205.661116E-03,-199.426819E-03
-1.105000E-03,-205.692523E-03,-198.123427E-03
-1.100000E-03,-205.582598E-03,-196.741518E-03
-1.095000E-03,-205.519784E-03,-195.783603E-03
-1.090000E-03,-205.519784E-03,-193.867774E-03
-1.085000E-03,-205.519784E-03,-192.281719E-03
-1.080000E-03,-205.645412E-03,-190.742774E-03
-1.075000E-03,-205.629709E-03,-189.015387E-03
-1.070000E-03,-205.519784E-03,-187.931844E-03
-1.065000E-03,-205.755337E-03,-188.261618E-03
-1.060000E-03,-205.504081E-03,-188.261618E-03
-1.055000E-03,-205.582598E-03,-188.512875E-03
-1.050000E-03,-205.676819E-03,-189.360864E-03
-1.045000E-03,-205.409860E-03,-190.098930E-03
-1.040000E-03,-205.519784E-03,-191.983352E-03
-1.035000E-03,-205.299935E-03,-193.333854E-03
-1.030000E-03,-205.771041E-03,-195.767900E-03
-1.025000E-03,-205.723930E-03,-196.992774E-03
-1.020000E-03,-205.519784E-03,-198.531719E-03
-1.015000E-03,-205.519784E-03,-199.426819E-03
-1.010000E-03,-205.519784E-03,-199.897925E-03
-1.005000E-03,-205.519784E-03,-199.850814E-03
-1.000000E-03,-205.284231E-03,-199.316895E-03
-995.000E-06,-205.519784E-03,-198.170538E-03
-990.000E-06,-205.519784E-03,-196.882849E-03
-985.000E-06,-205.519784E-03,-195.909231E-03
-980.000E-06,-205.519784E-03,-193.852070E-03
-975.000E-06,-205.519784E-03,-192.423050E-03
-970.000E-06,-205.519784E-03,-190.742774E-03
-965.000E-06,-205.504081E-03,-189.282347E-03
-960.000E-06,-205.519784E-03,-188.026066E-03
-955.000E-06,-205.645412E-03,-188.261618E-03
-950.000E-06,-205.519784E-03,-188.261618E-03
-945.000E-06,-205.519784E-03,-188.512875E-03
-940.000E-06,-205.519784E-03,-189.706342E-03
-935.000E-06,-205.519784E-03,-190.177447E-03
-930.000E-06,-205.723930E-03,-191.653578E-03
-925.000E-06,-205.519784E-03,-193.176819E-03
-920.000E-06,-205.661116E-03,-195.375312E-03
-915.000E-06,-205.519784E-03,-196.867146E-03
-910.000E-06,-205.519784E-03,-198.327573E-03
-905.000E-06,-205.299935E-03,-199.536744E-03
-900.000E-06,-205.519784E-03,-199.819407E-03
-895.000E-06,-205.519784E-03,-199.976442E-03
-890.000E-06,-205.519784E-03,-199.819407E-03
-885.000E-06,-205.692523E-03,-198.641643E-03
-880.000E-06,-205.739633E-03,-197.008477E-03
-875.000E-06,-205.519784E-03,-196.034859E-03
-870.000E-06,-205.519784E-03,-194.323176E-03
-865.000E-06,-205.519784E-03,-192.611493E-03
-860.000E-06,-205.519784E-03,-191.009734E-03
-855.000E-06,-205.519784E-03,-189.423679E-03
-850.000E-06,-205.472674E-03,-188.355839E-03
-845.000E-06,-205.519784E-03,-188.261618E-03
-840.000E-06,-205.504081E-03,-188.261618E-03
-835.000E-06,-205.519784E-03,-188.434357E-03
-830.000E-06,-205.519784E-03,-189.596417E-03
-825.000E-06,-205.425563E-03,-189.612121E-03
-820.000E-06,-205.519784E-03,-191.637875E-03
-815.000E-06,-205.519784E-03,-193.051191E-03
-810.000E-06,-205.519784E-03,-195.265387E-03
-805.000E-06,-205.519784E-03,-196.741518E-03
-800.000E-06,-205.519784E-03,-198.358980E-03
-795.000E-06,-205.519784E-03,-199.175563E-03
-790.000E-06,-205.519784E-03,-200.070663E-03
-785.000E-06,-205.519784E-03,-199.819407E-03
-780.000E-06,-205.519784E-03,-199.803704E-03
-775.000E-06,-205.519784E-03,-198.657347E-03
-770.000E-06,-205.614005E-03,-197.228327E-03
-765.000E-06,-205.519784E-03,-196.301819E-03
-760.000E-06,-205.519784E-03,-194.700060E-03
-755.000E-06,-205.519784E-03,-192.690010E-03
-750.000E-06,-205.284231E-03,-191.009734E-03
-745.000E-06,-205.488377E-03,-189.376568E-03
-740.000E-06,-205.362749E-03,-188.591392E-03
-735.000E-06,-205.519784E-03,-188.371543E-03
-730.000E-06,-205.519784E-03,-188.010362E-03
-725.000E-06,-205.519784E-03,-188.261618E-03
-720.000E-06,-205.519784E-03,-188.811241E-03
-715.000E-06,-205.504081E-03,-189.455086E-03
-710.000E-06,-205.708226E-03,-191.308101E-03
-705.000E-06,-205.519784E-03,-192.658603E-03
-700.000E-06,-205.519784E-03,-194.794282E-03
-695.000E-06,-205.519784E-03,-196.348930E-03
-690.000E-06,-205.299935E-03,-197.605211E-03
-685.000E-06,-205.519784E-03,-199.254080E-03
-680.000E-06,-205.472674E-03,-199.819407E-03
-675.000E-06,-205.268528E-03,-199.913628E-03
-670.000E-06,-205.519784E-03,-199.693779E-03
-665.000E-06,-205.347046E-03,-199.065638E-03
-660.000E-06,-205.299935E-03,-197.746543E-03
-655.000E-06,-205.519784E-03,-196.553075E-03
-650.000E-06,-205.582598E-03,-195.233980E-03
-645.000E-06,-205.614005E-03,-192.784231E-03
-640.000E-06,-205.535488E-03,-191.779206E-03
-635.000E-06,-205.519784E-03,-189.423679E-03
-630.000E-06,-205.519784E-03,-188.717020E-03
-625.000E-06,-205.519784E-03,-188.497171E-03
-620.000E-06,-205.519784E-03,-188.261618E-03
-615.000E-06,-205.519784E-03,-188.418653E-03
-610.000E-06,-205.519784E-03,-188.638503E-03
-605.000E-06,-205.614005E-03,-189.266643E-03
-600.000E-06,-205.519784E-03,-191.166769E-03
-595.000E-06,-205.519784E-03,-192.548679E-03
-590.000E-06,-205.519784E-03,-194.511618E-03
-585.000E-06,-205.519784E-03,-196.474558E-03
-580.000E-06,-205.519784E-03,-197.715136E-03
-575.000E-06,-205.676819E-03,-198.908603E-03
-570.000E-06,-205.519784E-03,-199.756593E-03
-565.000E-06,-205.755337E-03,-199.819407E-03
-560.000E-06,-205.504081E-03,-199.835111E-03
-555.000E-06,-205.519784E-03,-199.175563E-03
-550.000E-06,-205.771041E-03,-197.652322E-03
-545.000E-06,-205.394156E-03,-196.678704E-03
-540.000E-06,-205.347046E-03,-195.328201E-03
-535.000E-06,-205.551191E-03,-193.004081E-03
-530.000E-06,-205.519784E-03,-191.779206E-03
-525.000E-06,-205.723930E-03,-190.067523E-03
-520.000E-06,-205.519784E-03,-188.842648E-03
-515.000E-06,-205.661116E-03,-188.387246E-03
-510.000E-06,-205.519784E-03,-188.261618E-03
-505.000E-06,-205.519784E-03,-188.261618E-03
-500.000E-06,-205.519784E-03,-188.748427E-03
-495.000E-06,-205.519784E-03,-189.015387E-03
-490.000E-06,-205.614005E-03,-191.025437E-03
-485.000E-06,-205.519784E-03,-192.658603E-03
-480.000E-06,-205.519784E-03,-194.464508E-03
-475.000E-06,-205.519784E-03,-196.348930E-03
-470.000E-06,-205.519784E-03,-197.573804E-03
-465.000E-06,-205.771041E-03,-199.034231E-03
-460.000E-06,-205.519784E-03,-199.819407E-03
-455.000E-06,-205.519784E-03,-200.070663E-03
-450.000E-06,-205.519784E-03,-199.960739E-03
-445.000E-06,-205.268528E-03,-199.442523E-03
-440.000E-06,-205.519784E-03,-198.013503E-03
-435.000E-06,-205.519784E-03,-196.820035E-03
-430.000E-06,-205.723930E-03,-195.406719E-03
-425.000E-06,-205.519784E-03,-193.475186E-03
-420.000E-06,-205.519784E-03,-192.046166E-03
-415.000E-06,-205.708226E-03,-190.303076E-03
-410.000E-06,-205.299935E-03,-188.983980E-03
-405.000E-06,-205.519784E-03,-188.465764E-03
-400.000E-06,-205.519784E-03,-188.261618E-03
-395.000E-06,-205.614005E-03,-188.261618E-03
-390.000E-06,-205.519784E-03,-188.512875E-03
-385.000E-06,-205.519784E-03,-189.015387E-03
-380.000E-06,-205.519784E-03,-190.350186E-03
-375.000E-06,-205.519784E-03,-192.030462E-03
-370.000E-06,-205.519784E-03,-193.914885E-03
-365.000E-06,-205.865262E-03,-195.956342E-03
-360.000E-06,-205.519784E-03,-197.306844E-03
-355.000E-06,-205.519784E-03,-198.892900E-03
-350.000E-06,-205.519784E-03,-199.819407E-03
-345.000E-06,-205.519784E-03,-200.070663E-03
-340.000E-06,-205.771041E-03,-199.819407E-03
-335.000E-06,-205.519784E-03,-199.379709E-03
-330.000E-06,-205.771041E-03,-198.170538E-03
-325.000E-06,-205.629709E-03,-196.851442E-03
-320.000E-06,-205.519784E-03,-195.673678E-03
-315.000E-06,-205.551191E-03,-193.475186E-03
-310.000E-06,-205.299935E-03,-192.061869E-03
-305.000E-06,-205.771041E-03,-190.318779E-03
-300.000E-06,-205.519784E-03,-189.015387E-03
-295.000E-06,-205.519784E-03,-188.088880E-03
-290.000E-06,-205.519784E-03,-188.261618E-03
-285.000E-06,-205.755337E-03,-188.026066E-03
-280.000E-06,-205.771041E-03,-188.497171E-03
-275.000E-06,-205.519784E-03,-189.062498E-03
-270.000E-06,-205.519784E-03,-190.491518E-03
-265.000E-06,-205.519784E-03,-192.140387E-03
-260.000E-06,-205.519784E-03,-193.773553E-03
-255.000E-06,-205.519784E-03,-195.626568E-03
-250.000E-06,-205.535488E-03,-197.055588E-03
-245.000E-06,-205.566895E-03,-198.516015E-03
-240.000E-06,-205.519784E-03,-199.646668E-03
-235.000E-06,-205.519784E-03,-199.929332E-03
-230.000E-06,-205.519784E-03,-199.897925E-03
-225.000E-06,-205.472674E-03,-199.316895E-03
-220.000E-06,-205.519784E-03,-198.044910E-03
-215.000E-06,-205.504081E-03,-196.851442E-03
-210.000E-06,-205.519784E-03,-195.673678E-03
-205.000E-06,-205.519784E-03,-193.647925E-03
-200.000E-06,-205.519784E-03,-192.171794E-03
-195.000E-06,-205.771041E-03,-190.585739E-03
-190.000E-06,-205.551191E-03,-188.983980E-03
-185.000E-06,-205.519784E-03,-188.041769E-03
-180.000E-06,-205.723930E-03,-188.261618E-03
-175.000E-06,-205.519784E-03,-188.261618E-03
-170.000E-06,-205.519784E-03,-188.512875E-03
-165.000E-06,-205.519784E-03,-189.910488E-03
-160.000E-06,-205.519784E-03,-190.098930E-03
-155.000E-06,-205.771041E-03,-191.999055E-03
-150.000E-06,-205.519784E-03,-193.176819E-03
-145.000E-06,-205.692523E-03,-195.359608E-03
-140.000E-06,-205.519784E-03,-196.914256E-03
-135.000E-06,-205.519784E-03,-198.468905E-03
-130.000E-06,-205.566895E-03,-199.599558E-03
-125.000E-06,-205.519784E-03,-200.054960E-03
-120.000E-06,-205.771041E-03,-199.850814E-03
-115.000E-06,-205.519784E-03,-199.473930E-03
-110.000E-06,-205.645412E-03,-198.563126E-03
-105.000E-06,-205.519784E-03,-197.055588E-03
-100.000E-06,-205.582598E-03,-196.191895E-03
-95.000E-06,-205.771041E-03,-194.260362E-03
-90.000E-06,-205.551191E-03,-192.360236E-03
-85.000E-06,-205.598302E-03,-190.899809E-03
-80.000E-06,-205.519784E-03,-189.376568E-03
-75.000E-06,-205.519784E-03,-188.198804E-03
-70.000E-06,-205.771041E-03,-188.308729E-03
-65.000E-06,-205.519784E-03,-188.277322E-03
-60.000E-06,-205.519784E-03,-188.481468E-03
-55.000E-06,-205.582598E-03,-189.847674E-03
-50.000E-06,-205.629709E-03,-189.816266E-03
-45.000E-06,-205.394156E-03,-191.637875E-03
-40.000E-06,-205.519784E-03,-193.098302E-03
-35.000E-06,-205.519784E-03,-195.124055E-03
-30.000E-06,-205.519784E-03,-196.788628E-03
-25.000E-06,-205.519784E-03,-197.997799E-03
-20.000E-06,-205.519784E-03,-199.222673E-03
-15.000E-06,-205.519784E-03,-199.819407E-03
-10.000E-06,-205.771041E-03,-199.897925E-03
-5.000E-06,-205.519784E-03,-199.568151E-03
+0.0E+00,+194.228955E-03,-199.301191E-03
+5.000E-06,+196.945664E-03,-197.165513E-03
+10.000E-06,+197.244031E-03,-196.129080E-03
+15.000E-06,+197.746543E-03,-193.255337E-03
+20.000E-06,+198.327573E-03,-190.742774E-03
+25.000E-06,+198.249056E-03,-188.104583E-03
+30.000E-06,+198.751568E-03,-184.445664E-03
+35.000E-06,+199.002825E-03,-180.299935E-03
+40.000E-06,+199.175563E-03,-176.154206E-03
+45.000E-06,+199.379709E-03,-171.443151E-03
+50.000E-06,+199.348302E-03,-165.632850E-03
+55.000E-06,+199.630965E-03,-160.058101E-03
+60.000E-06,+199.269784E-03,-153.918026E-03
+65.000E-06,+199.505337E-03,-146.678704E-03
+70.000E-06,+199.442523E-03,-140.130337E-03
+75.000E-06,+199.002825E-03,-132.781091E-03
+80.000E-06,+199.505337E-03,-124.803704E-03
+85.000E-06,+198.877196E-03,-116.260991E-03
+90.000E-06,+199.254081E-03,-107.828202E-03
+95.000E-06,+199.505337E-03,-99.395413E-03
+100.000E-06,+199.505337E-03,-89.957599E-03
+105.000E-06,+199.583855E-03,-80.268529E-03
+110.000E-06,+199.254081E-03,-70.328202E-03
+115.000E-06,+199.254081E-03,-60.387876E-03
+120.000E-06,+199.285488E-03,-50.117776E-03
+125.000E-06,+199.002825E-03,-39.502198E-03
+130.000E-06,+199.505337E-03,-27.646042E-03
+135.000E-06,+198.908603E-03,-17.108982E-03
+140.000E-06,+199.002825E-03,-5.284233E-03
+145.000E-06,+199.411116E-03,+6.053706E-03
+150.000E-06,+199.552448E-03,+17.580088E-03
+155.000E-06,+199.992146E-03,+29.200691E-03
+160.000E-06,+199.725186E-03,+41.794912E-03
+165.000E-06,+199.756593E-03,+54.373429E-03
+170.000E-06,+199.866518E-03,+66.951947E-03
+175.000E-06,+199.646669E-03,+79.436243E-03
+180.000E-06,+199.803704E-03,+91.056846E-03
+185.000E-06,+199.505337E-03,+102.630338E-03
+190.000E-06,+199.505337E-03,+112.806218E-03
+195.000E-06,+199.301191E-03,+124.269785E-03
+200.000E-06,+199.348302E-03,+133.801820E-03
+205.000E-06,+199.615262E-03,+142.501569E-03
+210.000E-06,+199.568151E-03,+151.075690E-03
+215.000E-06,+199.505337E-03,+158.503453E-03
+220.000E-06,+199.505337E-03,+165.679961E-03
+225.000E-06,+199.301191E-03,+172.102699E-03
+230.000E-06,+199.175563E-03,+177.881594E-03
+235.000E-06,+199.128453E-03,+183.440639E-03
+240.000E-06,+199.159860E-03,+188.355840E-03
+245.000E-06,+199.254081E-03,+193.019785E-03
+250.000E-06,+199.238377E-03,+196.929961E-03
+255.000E-06,+199.206970E-03,+200.777322E-03
+260.000E-06,+199.081342E-03,+203.384106E-03
+265.000E-06,+199.630965E-03,+205.598302E-03
+270.000E-06,+199.254081E-03,+207.404207E-03
+275.000E-06,+199.301191E-03,+209.037372E-03
+280.000E-06,+199.505337E-03,+209.728327E-03
+285.000E-06,+199.254081E-03,+209.963880E-03
+290.000E-06,+199.615262E-03,+209.979583E-03
+295.000E-06,+199.630965E-03,+209.728327E-03
+300.000E-06,+199.505337E-03,+209.382850E-03
+305.000E-06,+199.301191E-03,+208.110865E-03
+310.000E-06,+199.473930E-03,+205.943780E-03
+315.000E-06,+199.725186E-03,+205.001568E-03
+320.000E-06,+199.112749E-03,+202.127825E-03
+325.000E-06,+199.348302E-03,+199.536744E-03
+330.000E-06,+199.254081E-03,+196.474559E-03
+335.000E-06,+199.254081E-03,+192.737121E-03
+340.000E-06,+199.254081E-03,+188.952574E-03
+345.000E-06,+199.238377E-03,+184.398554E-03
+350.000E-06,+199.505337E-03,+180.535488E-03
+355.000E-06,+199.332598E-03,+175.259106E-03
+360.000E-06,+199.505337E-03,+170.563755E-03
+365.000E-06,+199.505337E-03,+165.774182E-03
+370.000E-06,+199.034232E-03,+161.408604E-03
+375.000E-06,+199.505337E-03,+157.467021E-03
+380.000E-06,+199.458227E-03,+153.619659E-03
+385.000E-06,+199.505337E-03,+151.185614E-03
+390.000E-06,+199.379709E-03,+148.798680E-03
+395.000E-06,+199.505337E-03,+146.160489E-03
+400.000E-06,+199.191267E-03,+145.108353E-03
+405.000E-06,+199.254081E-03,+144.134735E-03
+410.000E-06,+199.254081E-03,+142.705715E-03
+415.000E-06,+199.065639E-03,+142.768529E-03
+420.000E-06,+199.112749E-03,+143.066896E-03
+425.000E-06,+199.395412E-03,+144.009107E-03
+430.000E-06,+199.442523E-03,+145.155464E-03
+435.000E-06,+199.034232E-03,+146.191896E-03
+440.000E-06,+199.473930E-03,+148.390388E-03
+445.000E-06,+199.552448E-03,+150.259107E-03
+450.000E-06,+199.850814E-03,+152.850187E-03
+455.000E-06,+199.505337E-03,+154.075061E-03
+460.000E-06,+199.678076E-03,+156.791770E-03
+465.000E-06,+199.505337E-03,+158.000941E-03
+470.000E-06,+199.254081E-03,+159.210112E-03
+475.000E-06,+199.442523E-03,+160.686242E-03
+480.000E-06,+199.175563E-03,+160.906092E-03
+485.000E-06,+199.238377E-03,+160.874685E-03
+490.000E-06,+199.254081E-03,+160.403579E-03
+495.000E-06,+199.254081E-03,+159.445664E-03
+500.000E-06,+199.505337E-03,+157.718278E-03
+505.000E-06,+199.285488E-03,+156.807474E-03
+510.000E-06,+199.583855E-03,+154.875941E-03
+515.000E-06,+199.364005E-03,+153.572549E-03
+520.000E-06,+199.332598E-03,+152.865891E-03
+525.000E-06,+199.505337E-03,+151.892273E-03
+530.000E-06,+199.254081E-03,+151.436871E-03
+535.000E-06,+199.473930E-03,+151.641016E-03
+540.000E-06,+199.426819E-03,+152.127825E-03
+545.000E-06,+199.505337E-03,+152.944408E-03
+550.000E-06,+199.049935E-03,+153.556845E-03
+555.000E-06,+199.379709E-03,+155.645413E-03
+560.000E-06,+199.269784E-03,+157.247172E-03
+565.000E-06,+199.222674E-03,+159.178705E-03
+570.000E-06,+199.301191E-03,+161.188755E-03
+575.000E-06,+199.301191E-03,+162.146669E-03
+580.000E-06,+199.630965E-03,+164.486494E-03
+585.000E-06,+199.568151E-03,+165.004710E-03
+590.000E-06,+199.254081E-03,+165.036117E-03
+595.000E-06,+199.505337E-03,+165.020413E-03
+600.000E-06,+199.505337E-03,+164.753453E-03
+605.000E-06,+199.662372E-03,+163.842649E-03
+610.000E-06,+199.505337E-03,+161.738378E-03
+615.000E-06,+199.081342E-03,+160.984609E-03
+620.000E-06,+199.254081E-03,+158.943152E-03
+625.000E-06,+199.254081E-03,+157.467021E-03
+630.000E-06,+199.254081E-03,+156.964509E-03
+635.000E-06,+199.254081E-03,+155.802448E-03
+640.000E-06,+199.112749E-03,+154.954458E-03
+645.000E-06,+199.505337E-03,+154.797423E-03
+650.000E-06,+199.646669E-03,+155.456971E-03
+655.000E-06,+199.254081E-03,+156.477700E-03
+660.000E-06,+199.473930E-03,+157.451318E-03
+665.000E-06,+199.254081E-03,+158.770413E-03
+670.000E-06,+199.379709E-03,+161.125941E-03
+675.000E-06,+199.254081E-03,+162.303705E-03
+680.000E-06,+199.442523E-03,+164.816267E-03
+685.000E-06,+199.473930E-03,+165.789885E-03
+690.000E-06,+199.254081E-03,+168.161117E-03
+695.000E-06,+199.442523E-03,+168.271041E-03
+700.000E-06,+199.254081E-03,+168.773554E-03
+705.000E-06,+199.379709E-03,+168.522298E-03
+710.000E-06,+199.568151E-03,+168.522298E-03
+715.000E-06,+199.269784E-03,+167.218906E-03
+720.000E-06,+199.489634E-03,+165.774182E-03
+725.000E-06,+199.505337E-03,+164.612122E-03
+730.000E-06,+199.505337E-03,+162.523554E-03
+735.000E-06,+199.364005E-03,+161.377197E-03
+740.000E-06,+199.505337E-03,+160.152323E-03
+745.000E-06,+199.458227E-03,+158.943152E-03
+750.000E-06,+199.254081E-03,+158.472046E-03
+755.000E-06,+199.505337E-03,+157.969534E-03
+760.000E-06,+199.332598E-03,+158.723303E-03
+765.000E-06,+199.505337E-03,+159.869659E-03
+770.000E-06,+199.332598E-03,+161.078830E-03
+775.000E-06,+199.254081E-03,+161.848303E-03
+780.000E-06,+199.725186E-03,+164.282348E-03
+785.000E-06,+199.254081E-03,+165.742775E-03
+790.000E-06,+199.128453E-03,+167.894157E-03
+795.000E-06,+199.002825E-03,+169.166142E-03
+800.000E-06,+199.254081E-03,+170.438127E-03
+805.000E-06,+199.254081E-03,+171.097674E-03
+810.000E-06,+199.002825E-03,+171.317524E-03
+815.000E-06,+199.458227E-03,+171.568780E-03
+820.000E-06,+199.049935E-03,+170.783604E-03
+825.000E-06,+199.097046E-03,+170.233981E-03
+830.000E-06,+199.473930E-03,+169.166142E-03
+835.000E-06,+199.254081E-03,+167.956971E-03
+840.000E-06,+199.269784E-03,+165.994031E-03
+845.000E-06,+199.489634E-03,+165.255966E-03
+850.000E-06,+199.442523E-03,+163.497172E-03
+855.000E-06,+199.505337E-03,+161.832599E-03
+860.000E-06,+199.128453E-03,+161.487122E-03
+865.000E-06,+199.081342E-03,+161.487122E-03
+870.000E-06,+199.285488E-03,+161.738378E-03
+875.000E-06,+199.002825E-03,+162.256594E-03
+880.000E-06,+199.505337E-03,+163.921167E-03
+885.000E-06,+199.254081E-03,+165.428705E-03
+890.000E-06,+199.254081E-03,+166.653579E-03
+895.000E-06,+199.332598E-03,+169.119031E-03
+900.000E-06,+199.049935E-03,+170.092649E-03
+905.000E-06,+199.238377E-03,+172.071292E-03
+910.000E-06,+199.002825E-03,+173.280463E-03
+915.000E-06,+199.002825E-03,+173.547423E-03
+920.000E-06,+198.877196E-03,+174.191267E-03
+925.000E-06,+199.002825E-03,+174.206971E-03
+930.000E-06,+199.379709E-03,+173.798679E-03
+935.000E-06,+199.222674E-03,+173.531720E-03
+940.000E-06,+199.002825E-03,+172.589509E-03
+945.000E-06,+199.191267E-03,+170.406720E-03
+950.000E-06,+199.254081E-03,+169.276066E-03
+955.000E-06,+199.254081E-03,+168.051192E-03
+960.000E-06,+199.002825E-03,+166.386619E-03
+965.000E-06,+199.505337E-03,+165.507222E-03
+970.000E-06,+199.254081E-03,+165.020413E-03
+975.000E-06,+199.254081E-03,+164.753453E-03
+980.000E-06,+199.254081E-03,+165.004710E-03
+985.000E-06,+199.364005E-03,+165.632850E-03
+990.000E-06,+199.002825E-03,+166.433730E-03
+995.000E-06,+199.285488E-03,+168.318152E-03
+1.000000E-03,+199.002825E-03,+169.291770E-03
+1.005000E-03,+199.206970E-03,+170.956343E-03
+1.010000E-03,+199.002825E-03,+172.966393E-03
+1.015000E-03,+199.254081E-03,+173.940011E-03
+1.020000E-03,+199.002825E-03,+175.840137E-03
+1.025000E-03,+199.002825E-03,+177.065011E-03
+1.030000E-03,+198.751568E-03,+177.316267E-03
+1.035000E-03,+198.971417E-03,+177.347674E-03
+1.040000E-03,+198.924307E-03,+177.316267E-03
+1.045000E-03,+198.861493E-03,+175.934358E-03
+1.050000E-03,+199.002825E-03,+175.117775E-03
+1.055000E-03,+198.798679E-03,+173.500313E-03
+1.060000E-03,+198.971417E-03,+172.259735E-03
+1.065000E-03,+199.206970E-03,+170.076946E-03
+1.070000E-03,+198.861493E-03,+169.338880E-03
+1.075000E-03,+198.845789E-03,+168.223931E-03
+1.080000E-03,+198.861493E-03,+167.548679E-03
+1.085000E-03,+199.002825E-03,+167.203202E-03
+1.090000E-03,+198.767272E-03,+167.328830E-03
+1.095000E-03,+199.002825E-03,+168.019785E-03
+1.100000E-03,+199.191267E-03,+169.228956E-03
+1.105000E-03,+198.657347E-03,+170.108353E-03
+1.110000E-03,+199.379709E-03,+171.663001E-03
+1.115000E-03,+199.002825E-03,+173.390388E-03
+1.120000E-03,+198.782975E-03,+175.180589E-03
+1.125000E-03,+199.254081E-03,+177.080715E-03
+1.130000E-03,+199.254081E-03,+177.818780E-03
+1.135000E-03,+199.159860E-03,+179.326317E-03
+1.140000E-03,+198.751568E-03,+180.080086E-03
+1.145000E-03,+199.175563E-03,+180.252825E-03
+1.150000E-03,+199.254081E-03,+179.781720E-03
+1.155000E-03,+198.751568E-03,+177.881594E-03
+1.160000E-03,+199.442523E-03,+177.818780E-03
+1.165000E-03,+199.002825E-03,+176.641016E-03
+1.170000E-03,+198.861493E-03,+174.285488E-03
+1.175000E-03,+199.254081E-03,+173.296167E-03
+1.180000E-03,+198.940010E-03,+171.867147E-03
+1.185000E-03,+199.458227E-03,+170.029835E-03
+1.190000E-03,+199.222674E-03,+169.778579E-03
+1.195000E-03,+199.254081E-03,+169.527323E-03
+1.200000E-03,+199.144156E-03,+169.527323E-03
+1.205000E-03,+199.002825E-03,+169.904207E-03
+1.210000E-03,+199.316895E-03,+170.862122E-03
+1.215000E-03,+198.767272E-03,+172.385363E-03
+1.220000E-03,+199.002825E-03,+173.798679E-03
+1.225000E-03,+199.002825E-03,+176.122800E-03
+1.230000E-03,+199.002825E-03,+177.489006E-03
+1.235000E-03,+199.002825E-03,+178.949433E-03
+1.240000E-03,+198.830086E-03,+181.006594E-03
+1.245000E-03,+199.254081E-03,+181.807473E-03
+1.250000E-03,+198.751568E-03,+181.838880E-03
+1.255000E-03,+198.908603E-03,+182.090137E-03
+1.260000E-03,+199.002825E-03,+181.681845E-03
+1.265000E-03,+198.751568E-03,+180.708227E-03
+1.270000E-03,+198.578830E-03,+180.504081E-03
+1.275000E-03,+198.751568E-03,+178.682473E-03
+1.280000E-03,+198.751568E-03,+177.551820E-03
+1.285000E-03,+198.767272E-03,+175.871544E-03
+1.290000E-03,+198.751568E-03,+173.877197E-03
+1.295000E-03,+199.112749E-03,+173.170539E-03
+1.300000E-03,+198.594533E-03,+172.448177E-03
+1.305000E-03,+198.751568E-03,+171.788629E-03
+1.310000E-03,+198.971417E-03,+172.039885E-03
+1.315000E-03,+199.018528E-03,+172.526694E-03
+1.320000E-03,+198.940010E-03,+173.249056E-03
+1.325000E-03,+198.688754E-03,+174.112750E-03
+1.330000E-03,+198.908603E-03,+176.405463E-03
+1.335000E-03,+198.814382E-03,+177.708855E-03
+1.340000E-03,+198.971417E-03,+179.860237E-03
+1.345000E-03,+199.002825E-03,+181.085111E-03
+1.350000E-03,+198.688754E-03,+182.294282E-03
+1.355000E-03,+199.002825E-03,+184.382850E-03
+1.360000E-03,+199.128453E-03,+184.602699E-03
+1.365000E-03,+198.908603E-03,+185.105212E-03
+1.370000E-03,+198.782975E-03,+184.775438E-03
+1.375000E-03,+198.751568E-03,+183.346418E-03
+1.380000E-03,+199.002825E-03,+182.184358E-03
+1.385000E-03,+198.830086E-03,+181.430589E-03
+1.390000E-03,+199.128453E-03,+179.828830E-03
+1.395000E-03,+198.830086E-03,+177.740262E-03
+1.400000E-03,+198.751568E-03,+176.766644E-03
+1.405000E-03,+199.002825E-03,+174.803704E-03
+1.410000E-03,+198.751568E-03,+173.861493E-03
+1.415000E-03,+198.924307E-03,+173.625941E-03
+1.420000E-03,+199.002825E-03,+173.688755E-03
+1.425000E-03,+198.641644E-03,+174.049936E-03
+1.430000E-03,+199.002825E-03,+175.054961E-03
+1.435000E-03,+198.531719E-03,+177.065011E-03
+1.440000E-03,+199.222674E-03,+177.803076E-03
+1.445000E-03,+198.940010E-03,+179.718905E-03
+1.450000E-03,+198.594533E-03,+181.493403E-03
+1.455000E-03,+199.002825E-03,+182.686870E-03
+1.460000E-03,+198.500312E-03,+184.853956E-03
+1.465000E-03,+198.688754E-03,+186.534232E-03
+1.470000E-03,+198.987121E-03,+186.110237E-03
+1.475000E-03,+199.002825E-03,+186.314383E-03
+1.480000E-03,+198.500312E-03,+186.031719E-03
+1.485000E-03,+198.500312E-03,+185.246544E-03
+1.490000E-03,+198.908603E-03,+185.026694E-03
+1.495000E-03,+198.751568E-03,+183.267900E-03
+1.500000E-03,+198.735865E-03,+181.587624E-03
+1.505000E-03,+199.159860E-03,+180.378453E-03
+1.510000E-03,+198.578830E-03,+178.164257E-03
+1.515000E-03,+198.610237E-03,+177.190639E-03
+1.520000E-03,+198.249056E-03,+176.735237E-03
+1.525000E-03,+198.798679E-03,+176.059986E-03
+1.530000E-03,+198.516015E-03,+176.059986E-03
+1.535000E-03,+198.720161E-03,+176.798051E-03
+1.540000E-03,+198.751568E-03,+177.253453E-03
+1.545000E-03,+198.625940E-03,+177.818780E-03
+1.550000E-03,+198.845789E-03,+179.734609E-03
+1.555000E-03,+198.940010E-03,+181.399182E-03
+1.560000E-03,+198.720161E-03,+182.451317E-03
+1.565000E-03,+198.720161E-03,+184.838252E-03
+1.570000E-03,+198.358980E-03,+186.063126E-03
+1.575000E-03,+198.751568E-03,+188.026066E-03
+1.580000E-03,+198.610237E-03,+188.371544E-03
+1.585000E-03,+198.311870E-03,+188.811242E-03
+1.590000E-03,+198.971417E-03,+188.826946E-03
+1.595000E-03,+198.013503E-03,+187.884734E-03
+1.600000E-03,+198.688754E-03,+186.675564E-03
+1.605000E-03,+198.657347E-03,+185.450689E-03
+1.610000E-03,+198.877196E-03,+183.487750E-03
+1.615000E-03,+198.500312E-03,+181.760363E-03
+1.620000E-03,+198.704458E-03,+181.006594E-03
+1.625000E-03,+198.987121E-03,+179.075061E-03
+1.630000E-03,+198.500312E-03,+177.865890E-03
+1.635000E-03,+198.500312E-03,+177.818780E-03
+1.640000E-03,+198.751568E-03,+177.567524E-03
+1.645000E-03,+198.406091E-03,+177.913001E-03
+1.650000E-03,+198.940010E-03,+178.384106E-03
+1.655000E-03,+198.500312E-03,+180.347046E-03
+1.660000E-03,+198.751568E-03,+181.320664E-03
+1.665000E-03,+198.421794E-03,+182.639760E-03
+1.670000E-03,+198.625940E-03,+184.744031E-03
+1.675000E-03,+198.751568E-03,+186.063126E-03
+1.680000E-03,+198.547422E-03,+188.434358E-03
+1.685000E-03,+198.751568E-03,+189.423679E-03
+1.690000E-03,+198.971417E-03,+189.627825E-03
+1.695000E-03,+198.296166E-03,+189.690639E-03
+1.700000E-03,+198.390387E-03,+189.879081E-03
+1.705000E-03,+198.468905E-03,+189.627825E-03
+1.710000E-03,+198.610237E-03,+189.125312E-03
+1.715000E-03,+198.468905E-03,+187.288001E-03
+1.720000E-03,+198.751568E-03,+185.623428E-03
+1.725000E-03,+198.594533E-03,+183.958855E-03
+1.730000E-03,+198.500312E-03,+181.933101E-03
+1.735000E-03,+198.751568E-03,+181.226443E-03
+1.740000E-03,+198.751568E-03,+180.504081E-03
+1.745000E-03,+198.704458E-03,+179.577574E-03
+1.750000E-03,+198.751568E-03,+179.577574E-03
+1.755000E-03,+198.578830E-03,+180.001569E-03
+1.760000E-03,+198.751568E-03,+180.582599E-03
+1.765000E-03,+198.500312E-03,+181.336368E-03
+1.770000E-03,+198.751568E-03,+182.624056E-03
+1.775000E-03,+198.688754E-03,+184.712624E-03
+1.780000E-03,+198.233352E-03,+185.890388E-03
+1.785000E-03,+198.516015E-03,+187.821920E-03
+1.790000E-03,+198.311870E-03,+189.376569E-03
+1.795000E-03,+198.249056E-03,+190.020413E-03
+1.800000E-03,+198.594533E-03,+191.088252E-03
+1.805000E-03,+198.500312E-03,+191.637875E-03
+1.810000E-03,+198.500312E-03,+191.622172E-03
+1.815000E-03,+198.249056E-03,+190.679961E-03
+1.820000E-03,+198.688754E-03,+190.004709E-03
+1.825000E-03,+198.390387E-03,+189.329458E-03
+1.830000E-03,+198.374684E-03,+187.680589E-03
+1.835000E-03,+198.311870E-03,+185.607724E-03
+1.840000E-03,+198.264759E-03,+184.335740E-03
+1.845000E-03,+198.987121E-03,+182.121544E-03
+1.850000E-03,+198.296166E-03,+181.587624E-03
+1.855000E-03,+198.578830E-03,+181.336368E-03
+1.860000E-03,+198.625940E-03,+181.085111E-03
+1.865000E-03,+198.327573E-03,+181.336368E-03
+1.870000E-03,+198.751568E-03,+181.587624E-03
+1.875000E-03,+198.249056E-03,+182.105840E-03
+1.880000E-03,+198.107724E-03,+184.320036E-03
+1.885000E-03,+198.249056E-03,+185.529207E-03
+1.890000E-03,+198.484608E-03,+187.272297E-03
+1.895000E-03,+198.657347E-03,+189.376569E-03
+1.900000E-03,+198.547422E-03,+190.240262E-03
+1.905000E-03,+198.484608E-03,+191.920538E-03
+1.910000E-03,+198.468905E-03,+192.894157E-03
+1.915000E-03,+198.500312E-03,+193.396669E-03
+1.920000E-03,+198.625940E-03,+193.286744E-03
+1.925000E-03,+198.249056E-03,+192.894157E-03
+1.930000E-03,+198.500312E-03,+192.407348E-03
+1.935000E-03,+198.500312E-03,+190.350187E-03
+1.940000E-03,+198.249056E-03,+189.376569E-03
+1.945000E-03,+198.249056E-03,+187.178076E-03
+1.950000E-03,+198.500312E-03,+185.717649E-03
+1.955000E-03,+198.610237E-03,+184.634106E-03
+1.960000E-03,+198.500312E-03,+182.891016E-03
+1.965000E-03,+198.720161E-03,+181.870287E-03
+1.970000E-03,+198.751568E-03,+181.838880E-03
+1.975000E-03,+198.249056E-03,+182.043026E-03
+1.980000E-03,+198.657347E-03,+182.592649E-03
+1.985000E-03,+198.484608E-03,+184.100187E-03
+1.990000E-03,+198.500312E-03,+185.356468E-03
+1.995000E-03,+198.500312E-03,+186.706971E-03
+2.000000E-03,+198.751568E-03,+189.125312E-03
+2.005000E-03,+198.751568E-03,+190.051820E-03
+2.010000E-03,+198.500312E-03,+191.732096E-03
+2.015000E-03,+198.610237E-03,+193.286744E-03
+2.020000E-03,+198.751568E-03,+193.993403E-03
+2.025000E-03,+198.437498E-03,+194.213252E-03
+2.030000E-03,+198.735865E-03,+194.433101E-03
+2.035000E-03,+198.296166E-03,+193.930589E-03
+2.040000E-03,+198.249056E-03,+193.239634E-03
+2.045000E-03,+198.610237E-03,+192.485865E-03
+2.050000E-03,+198.390387E-03,+190.334483E-03
+2.055000E-03,+198.798679E-03,+189.125312E-03
+2.060000E-03,+198.280463E-03,+187.319408E-03
+2.065000E-03,+199.002825E-03,+185.639131E-03
+2.070000E-03,+198.437498E-03,+184.916770E-03
+2.075000E-03,+198.390387E-03,+183.958855E-03
+2.080000E-03,+198.610237E-03,+183.848931E-03
+2.085000E-03,+198.421794E-03,+183.927448E-03
+2.090000E-03,+198.940010E-03,+184.634106E-03
+2.095000E-03,+198.484608E-03,+185.356468E-03
+2.100000E-03,+198.500312E-03,+186.063126E-03
+2.105000E-03,+198.563126E-03,+188.450061E-03
+2.110000E-03,+197.746543E-03,+189.627825E-03
+2.115000E-03,+198.406091E-03,+191.135363E-03
+2.120000E-03,+198.280463E-03,+193.192523E-03
+2.125000E-03,+198.500312E-03,+194.417398E-03
+2.130000E-03,+198.327573E-03,+195.438126E-03
+2.135000E-03,+198.327573E-03,+196.411744E-03
+2.140000E-03,+198.500312E-03,+196.411744E-03
+2.145000E-03,+198.327573E-03,+195.500940E-03
+2.150000E-03,+198.500312E-03,+193.757850E-03
+2.155000E-03,+198.249056E-03,+193.632222E-03
+2.160000E-03,+198.516015E-03,+192.203202E-03
+2.165000E-03,+198.500312E-03,+190.020413E-03
+2.170000E-03,+198.358980E-03,+189.125312E-03
+2.175000E-03,+198.390387E-03,+187.178076E-03
+2.180000E-03,+198.688754E-03,+185.858981E-03
+2.185000E-03,+198.264759E-03,+185.356468E-03
+2.190000E-03,+198.500312E-03,+184.885363E-03
+2.195000E-03,+198.296166E-03,+185.309358E-03
+2.200000E-03,+198.845789E-03,+185.356468E-03
+2.205000E-03,+198.500312E-03,+186.110237E-03
+2.210000E-03,+198.610237E-03,+187.759106E-03
+2.215000E-03,+198.720161E-03,+189.376569E-03
+2.220000E-03,+198.751568E-03,+190.617147E-03
+2.225000E-03,+198.500312E-03,+192.548679E-03
+2.230000E-03,+198.406091E-03,+193.647925E-03
+2.235000E-03,+198.500312E-03,+195.783604E-03
+2.240000E-03,+198.500312E-03,+197.353955E-03
+2.245000E-03,+198.076317E-03,+197.212624E-03
+2.250000E-03,+198.987121E-03,+197.668026E-03
+2.255000E-03,+198.249056E-03,+197.165513E-03
+2.260000E-03,+198.751568E-03,+195.391016E-03
+2.265000E-03,+198.625940E-03,+194.904207E-03
+2.270000E-03,+198.563126E-03,+193.569408E-03
+2.275000E-03,+198.500312E-03,+191.951946E-03
+2.280000E-03,+198.249056E-03,+189.879081E-03
+2.285000E-03,+198.264759E-03,+189.156719E-03
+2.290000E-03,+198.500312E-03,+187.366518E-03
+2.295000E-03,+198.751568E-03,+186.235865E-03
+2.300000E-03,+198.343277E-03,+185.858981E-03
+2.305000E-03,+198.296166E-03,+185.858981E-03
+2.310000E-03,+198.029206E-03,+186.141644E-03
+2.315000E-03,+198.516015E-03,+187.115262E-03
+2.320000E-03,+198.296166E-03,+188.952574E-03
+2.325000E-03,+198.641644E-03,+189.784860E-03
+2.330000E-03,+198.500312E-03,+191.763503E-03
+2.335000E-03,+198.610237E-03,+193.475187E-03
+2.340000E-03,+198.249056E-03,+194.967021E-03
+2.345000E-03,+198.484608E-03,+196.898553E-03
+2.350000E-03,+198.390387E-03,+198.877197E-03
+2.355000E-03,+198.327573E-03,+198.092021E-03
+2.360000E-03,+198.358980E-03,+198.170538E-03
+2.365000E-03,+198.406091E-03,+198.092021E-03
+2.370000E-03,+198.280463E-03,+197.401066E-03
+2.375000E-03,+198.500312E-03,+196.663001E-03
+2.380000E-03,+198.249056E-03,+194.747172E-03
+2.385000E-03,+198.406091E-03,+193.239634E-03
+2.390000E-03,+198.374684E-03,+191.009734E-03
+2.395000E-03,+198.500312E-03,+189.549307E-03
+2.400000E-03,+198.500312E-03,+188.826946E-03
+2.405000E-03,+198.500312E-03,+187.602071E-03
+2.410000E-03,+198.264759E-03,+186.895413E-03
+2.415000E-03,+198.060613E-03,+187.052448E-03
+2.420000E-03,+198.500312E-03,+187.366518E-03
+2.425000E-03,+198.547422E-03,+188.622800E-03
+2.430000E-03,+198.249056E-03,+189.439383E-03
+2.435000E-03,+198.500312E-03,+190.177448E-03
+2.440000E-03,+198.264759E-03,+192.595790E-03
+2.445000E-03,+198.296166E-03,+193.852071E-03
+2.450000E-03,+198.500312E-03,+196.113378E-03
+2.455000E-03,+198.249056E-03,+197.542398E-03
+2.460000E-03,+198.500312E-03,+198.924307E-03
+2.465000E-03,+198.468905E-03,+199.411116E-03
+2.470000E-03,+198.500312E-03,+199.442523E-03
+2.475000E-03,+198.547422E-03,+199.238378E-03
+2.480000E-03,+198.500312E-03,+198.107724E-03
+2.485000E-03,+198.625940E-03,+197.558101E-03
+2.490000E-03,+198.406091E-03,+196.348930E-03
+2.495000E-03,+198.453201E-03,+194.323177E-03
+2.500000E-03,+198.249056E-03,+192.894157E-03
+2.505000E-03,+198.500312E-03,+190.507222E-03
+2.510000E-03,+198.154835E-03,+189.470790E-03
+2.515000E-03,+198.123428E-03,+188.999684E-03
+2.520000E-03,+198.500312E-03,+188.544282E-03
+2.525000E-03,+198.500312E-03,+187.869031E-03
+2.530000E-03,+198.249056E-03,+188.638503E-03
+2.535000E-03,+198.249056E-03,+189.125312E-03
+2.540000E-03,+198.249056E-03,+189.816267E-03
+2.545000E-03,+198.217649E-03,+191.418026E-03
+2.550000E-03,+198.249056E-03,+193.255337E-03
+2.555000E-03,+198.249056E-03,+194.590136E-03
+2.560000E-03,+198.264759E-03,+196.725815E-03
+2.565000E-03,+198.249056E-03,+198.139131E-03
+2.570000E-03,+198.437498E-03,+199.756594E-03
+2.575000E-03,+198.296166E-03,+200.635991E-03
+2.580000E-03,+198.374684E-03,+200.824433E-03
+2.585000E-03,+198.500312E-03,+200.683101E-03
+2.590000E-03,+198.217649E-03,+199.819408E-03
+2.595000E-03,+198.233352E-03,+198.484609E-03
+2.600000E-03,+198.343277E-03,+197.275438E-03
+2.605000E-03,+198.327573E-03,+195.689383E-03
+2.610000E-03,+197.997799E-03,+193.789257E-03
+2.615000E-03,+198.249056E-03,+192.407348E-03
+2.620000E-03,+198.531719E-03,+190.350187E-03
+2.625000E-03,+197.997799E-03,+189.627825E-03
+2.630000E-03,+198.280463E-03,+189.376569E-03
+2.635000E-03,+198.327573E-03,+189.125312E-03
+2.640000E-03,+198.500312E-03,+189.376569E-03
+2.645000E-03,+198.327573E-03,+189.627825E-03
+2.650000E-03,+198.296166E-03,+190.444408E-03
+2.655000E-03,+198.500312E-03,+192.171795E-03
+2.660000E-03,+198.013503E-03,+193.852071E-03
+2.665000E-03,+198.249056E-03,+195.705086E-03
+2.670000E-03,+198.625940E-03,+197.448177E-03
+2.675000E-03,+198.092020E-03,+198.877197E-03
+2.680000E-03,+198.296166E-03,+200.745915E-03
+2.685000E-03,+198.264759E-03,+201.185614E-03
+2.690000E-03,+198.468905E-03,+201.436870E-03
+2.695000E-03,+198.500312E-03,+201.389759E-03
+2.700000E-03,+198.641644E-03,+200.934357E-03
+2.705000E-03,+198.625940E-03,+200.070664E-03
+2.710000E-03,+198.311870E-03,+197.919282E-03
+2.715000E-03,+198.751568E-03,+197.118403E-03
+2.720000E-03,+198.249056E-03,+194.433101E-03
+2.725000E-03,+198.249056E-03,+193.208227E-03
+2.730000E-03,+198.500312E-03,+191.826317E-03
+2.735000E-03,+198.249056E-03,+190.146041E-03
+2.740000E-03,+198.406091E-03,+189.627825E-03
+2.745000E-03,+198.531719E-03,+189.627825E-03
+2.750000E-03,+198.233352E-03,+189.643528E-03
+2.755000E-03,+198.280463E-03,+190.098930E-03
+2.760000E-03,+197.997799E-03,+191.386619E-03
+2.765000E-03,+198.358980E-03,+193.035488E-03
+2.770000E-03,+198.327573E-03,+194.087624E-03
+2.775000E-03,+198.296166E-03,+196.772925E-03
+2.780000E-03,+198.484608E-03,+197.699433E-03
+2.785000E-03,+198.249056E-03,+199.913629E-03
+2.790000E-03,+198.249056E-03,+201.185614E-03
+2.795000E-03,+198.500312E-03,+201.578202E-03
+2.800000E-03,+198.139131E-03,+201.688126E-03
+2.805000E-03,+198.249056E-03,+201.750940E-03
+2.810000E-03,+198.500312E-03,+201.672423E-03
+2.815000E-03,+198.500312E-03,+201.091393E-03
+2.820000E-03,+198.500312E-03,+199.301192E-03
+2.825000E-03,+198.249056E-03,+197.777950E-03
+2.830000E-03,+198.358980E-03,+196.081971E-03
+2.835000E-03,+198.500312E-03,+193.836368E-03
+2.840000E-03,+198.217649E-03,+192.847046E-03
+2.845000E-03,+198.249056E-03,+191.166770E-03
+2.850000E-03,+198.249056E-03,+190.632850E-03
+2.855000E-03,+198.249056E-03,+190.208855E-03
+2.860000E-03,+198.249056E-03,+190.130337E-03
+2.865000E-03,+198.751568E-03,+190.884106E-03
+2.870000E-03,+198.249056E-03,+192.438755E-03
+2.875000E-03,+198.249056E-03,+193.412373E-03
+2.880000E-03,+198.076317E-03,+194.794282E-03
+2.885000E-03,+198.406091E-03,+197.086996E-03
+2.890000E-03,+198.484608E-03,+198.311870E-03
+2.895000E-03,+198.500312E-03,+200.871543E-03
+2.900000E-03,+197.746543E-03,+201.499684E-03
+2.905000E-03,+198.249056E-03,+201.955086E-03
+2.910000E-03,+197.997799E-03,+202.441895E-03
+2.915000E-03,+198.500312E-03,+202.693151E-03
+2.920000E-03,+198.123428E-03,+201.939383E-03
+2.925000E-03,+197.997799E-03,+201.295538E-03
+2.930000E-03,+198.296166E-03,+200.824433E-03
+2.935000E-03,+198.217649E-03,+198.657347E-03
+2.940000E-03,+198.500312E-03,+197.416770E-03
+2.945000E-03,+198.688754E-03,+194.652950E-03
+2.950000E-03,+198.249056E-03,+193.506594E-03
+2.955000E-03,+198.249056E-03,+192.642900E-03
+2.960000E-03,+198.500312E-03,+191.512247E-03
+2.965000E-03,+198.516015E-03,+191.088252E-03
+2.970000E-03,+198.233352E-03,+190.899810E-03
+2.975000E-03,+198.296166E-03,+192.046167E-03
+2.980000E-03,+198.657347E-03,+192.894157E-03
+2.985000E-03,+198.249056E-03,+193.773554E-03
+2.990000E-03,+198.406091E-03,+195.657976E-03
+2.995000E-03,+198.453201E-03,+197.510991E-03
+3.000000E-03,+198.249056E-03,+198.940011E-03
+3.005000E-03,+198.249056E-03,+201.107096E-03
+3.010000E-03,+198.249056E-03,+201.860865E-03
+3.015000E-03,+198.500312E-03,+203.054332E-03
+3.020000E-03,+198.076317E-03,+203.227071E-03
+3.025000E-03,+198.249056E-03,+203.446920E-03
+3.030000E-03,+198.249056E-03,+202.928704E-03
+3.035000E-03,+198.013503E-03,+201.970790E-03
+3.040000E-03,+198.500312E-03,+201.436870E-03
+3.045000E-03,+198.374684E-03,+199.913629E-03
+3.050000E-03,+198.547422E-03,+197.668026E-03
+3.055000E-03,+198.296166E-03,+196.427448E-03
+3.060000E-03,+198.249056E-03,+194.119031E-03
+3.065000E-03,+198.500312E-03,+193.176820E-03
+3.070000E-03,+198.186242E-03,+192.517272E-03
+3.075000E-03,+198.594533E-03,+191.999056E-03
+3.080000E-03,+198.358980E-03,+191.763503E-03
+3.085000E-03,+198.170538E-03,+192.642900E-03
+3.090000E-03,+198.500312E-03,+193.176820E-03
+3.095000E-03,+198.500312E-03,+193.899182E-03
+3.100000E-03,+198.500312E-03,+196.270413E-03
+3.105000E-03,+198.657347E-03,+197.668026E-03
+3.110000E-03,+198.500312E-03,+199.678076E-03
+3.115000E-03,+198.406091E-03,+201.279835E-03
+3.120000E-03,+198.249056E-03,+202.237749E-03
+3.125000E-03,+198.484608E-03,+204.954458E-03
+3.130000E-03,+198.249056E-03,+203.949433E-03
+3.135000E-03,+198.076317E-03,+204.451945E-03
+3.140000E-03,+198.374684E-03,+204.075061E-03
+3.145000E-03,+198.500312E-03,+202.614634E-03
+3.150000E-03,+198.296166E-03,+201.892272E-03
+3.155000E-03,+198.249056E-03,+200.683101E-03
+3.160000E-03,+198.468905E-03,+198.484609E-03
+3.165000E-03,+198.421794E-03,+197.055589E-03
+3.170000E-03,+198.358980E-03,+195.249684E-03
+3.175000E-03,+198.249056E-03,+193.647925E-03
+3.180000E-03,+198.500312E-03,+193.349559E-03
+3.185000E-03,+198.217649E-03,+192.642900E-03
+3.190000E-03,+198.453201E-03,+192.642900E-03
+3.195000E-03,+198.249056E-03,+193.145413E-03
+3.200000E-03,+197.934985E-03,+193.647925E-03
+3.205000E-03,+198.500312E-03,+194.778579E-03
+3.210000E-03,+198.249056E-03,+196.804332E-03
+3.215000E-03,+198.249056E-03,+198.201945E-03
+3.220000E-03,+197.997799E-03,+200.416141E-03
+3.225000E-03,+198.296166E-03,+201.641016E-03
+3.230000E-03,+198.327573E-03,+202.677448E-03
+3.235000E-03,+197.997799E-03,+204.813126E-03
+3.240000E-03,+198.327573E-03,+204.797423E-03
+3.245000E-03,+198.201945E-03,+204.954458E-03
+3.250000E-03,+198.249056E-03,+204.703202E-03
+3.255000E-03,+198.704458E-03,+203.148553E-03
+3.260000E-03,+198.500312E-03,+202.614634E-03
+3.265000E-03,+198.374684E-03,+201.562498E-03
+3.270000E-03,+198.249056E-03,+199.599558E-03
+3.275000E-03,+198.688754E-03,+197.825061E-03
+3.280000E-03,+197.997799E-03,+196.396041E-03
+3.285000E-03,+198.249056E-03,+194.433101E-03
+3.290000E-03,+198.610237E-03,+193.475187E-03
+3.295000E-03,+198.249056E-03,+193.396669E-03
+3.300000E-03,+198.249056E-03,+193.302448E-03
+3.305000E-03,+198.249056E-03,+193.396669E-03
+3.310000E-03,+198.468905E-03,+193.930589E-03
+3.315000E-03,+198.249056E-03,+195.391016E-03
+3.320000E-03,+198.249056E-03,+197.118403E-03
+3.325000E-03,+198.500312E-03,+198.327574E-03
+3.330000E-03,+198.123428E-03,+200.557473E-03
+3.335000E-03,+198.170538E-03,+201.578202E-03
+3.340000E-03,+198.516015E-03,+203.478327E-03
+3.345000E-03,+198.249056E-03,+204.703202E-03
+3.350000E-03,+198.296166E-03,+205.205714E-03
+3.355000E-03,+198.249056E-03,+205.456970E-03
+3.360000E-03,+198.358980E-03,+205.347046E-03
+3.365000E-03,+198.249056E-03,+204.467649E-03
+3.370000E-03,+198.029206E-03,+203.588252E-03
+3.375000E-03,+198.735865E-03,+201.939383E-03
+3.380000E-03,+198.453201E-03,+200.777322E-03
+3.385000E-03,+198.249056E-03,+198.421795E-03
+3.390000E-03,+198.484608E-03,+197.165513E-03
+3.395000E-03,+198.154835E-03,+195.328202E-03
+3.400000E-03,+198.437498E-03,+194.307473E-03
+3.405000E-03,+198.500312E-03,+193.647925E-03
+3.410000E-03,+198.044910E-03,+193.647925E-03
+3.415000E-03,+198.421794E-03,+193.647925E-03
+3.420000E-03,+198.500312E-03,+194.291770E-03
+3.425000E-03,+198.798679E-03,+195.720790E-03
+3.430000E-03,+198.044910E-03,+197.228327E-03
+3.435000E-03,+198.500312E-03,+198.468905E-03
+3.440000E-03,+198.531719E-03,+201.185614E-03
+3.445000E-03,+198.296166E-03,+202.331971E-03
+3.450000E-03,+198.641644E-03,+203.855212E-03
+3.455000E-03,+198.358980E-03,+205.331342E-03
+3.460000E-03,+198.311870E-03,+205.456970E-03
+3.465000E-03,+198.264759E-03,+205.708227E-03
+3.470000E-03,+197.997799E-03,+205.708227E-03
+3.475000E-03,+198.500312E-03,+205.268528E-03
+3.480000E-03,+198.311870E-03,+204.640388E-03
+3.485000E-03,+198.374684E-03,+202.457599E-03
+3.490000E-03,+198.406091E-03,+201.436870E-03
+3.495000E-03,+198.280463E-03,+199.740890E-03
+3.500000E-03,+198.500312E-03,+197.668026E-03
+3.505000E-03,+198.704458E-03,+196.458855E-03
+3.510000E-03,+198.578830E-03,+195.076945E-03
+3.515000E-03,+198.751568E-03,+194.040513E-03
+3.520000E-03,+198.500312E-03,+193.899182E-03
+3.525000E-03,+198.437498E-03,+193.961996E-03
+3.530000E-03,+198.249056E-03,+194.684358E-03
+3.535000E-03,+198.500312E-03,+196.160488E-03
+3.540000E-03,+198.563126E-03,+197.605212E-03
+3.545000E-03,+198.107724E-03,+199.097046E-03
+3.550000E-03,+198.249056E-03,+201.138503E-03
+3.555000E-03,+198.500312E-03,+202.065011E-03
+3.560000E-03,+198.249056E-03,+203.792398E-03
+3.565000E-03,+198.217649E-03,+205.441267E-03
+3.570000E-03,+198.044910E-03,+205.456970E-03
+3.575000E-03,+198.437498E-03,+205.818151E-03
+3.580000E-03,+198.249056E-03,+205.708227E-03
+3.585000E-03,+198.060613E-03,+205.456970E-03
+3.590000E-03,+198.249056E-03,+205.190011E-03
+3.595000E-03,+197.997799E-03,+203.729584E-03
+3.600000E-03,+198.437498E-03,+201.750940E-03
+3.605000E-03,+198.563126E-03,+200.526066E-03
+3.610000E-03,+198.374684E-03,+198.311870E-03
+3.615000E-03,+198.500312E-03,+197.086996E-03
+3.620000E-03,+198.453201E-03,+195.830714E-03
+3.625000E-03,+198.735865E-03,+194.904207E-03
+3.630000E-03,+198.201945E-03,+194.150438E-03
+3.635000E-03,+198.578830E-03,+194.495915E-03
+3.640000E-03,+198.374684E-03,+195.171167E-03
+3.645000E-03,+198.154835E-03,+196.851443E-03
+3.650000E-03,+198.641644E-03,+197.668026E-03
+3.655000E-03,+198.500312E-03,+198.987121E-03
+3.660000E-03,+198.249056E-03,+201.185614E-03
+3.665000E-03,+198.421794E-03,+202.316267E-03
+3.670000E-03,+198.217649E-03,+204.483352E-03
+3.675000E-03,+198.594533E-03,+205.315639E-03
+3.680000E-03,+198.186242E-03,+205.959483E-03
+3.685000E-03,+198.249056E-03,+206.242146E-03
+3.690000E-03,+198.468905E-03,+206.242146E-03
+3.695000E-03,+198.044910E-03,+205.771041E-03
+3.700000E-03,+198.500312E-03,+205.362749E-03
+3.705000E-03,+198.249056E-03,+204.342021E-03
+3.710000E-03,+198.249056E-03,+202.316267E-03
+3.715000E-03,+198.720161E-03,+201.169910E-03
+3.720000E-03,+198.249056E-03,+198.955714E-03
+3.725000E-03,+198.437498E-03,+197.479584E-03
+3.730000E-03,+198.406091E-03,+196.443151E-03
+3.735000E-03,+198.249056E-03,+195.657976E-03
+3.740000E-03,+198.500312E-03,+195.155463E-03
+3.745000E-03,+198.249056E-03,+194.904207E-03
+3.750000E-03,+198.484608E-03,+195.924935E-03
+3.755000E-03,+198.249056E-03,+197.134106E-03
+3.760000E-03,+198.406091E-03,+197.840765E-03
+3.765000E-03,+198.374684E-03,+199.583855E-03
+3.770000E-03,+198.406091E-03,+201.531091E-03
+3.775000E-03,+198.547422E-03,+202.551820E-03
+3.780000E-03,+198.249056E-03,+204.734609E-03
+3.785000E-03,+198.296166E-03,+205.692523E-03
+3.790000E-03,+198.500312E-03,+206.493403E-03
+3.795000E-03,+198.500312E-03,+206.603327E-03
+3.800000E-03,+198.500312E-03,+206.713252E-03
+3.805000E-03,+198.437498E-03,+206.163629E-03
+3.810000E-03,+198.516015E-03,+205.017272E-03
+3.815000E-03,+198.500312E-03,+205.205714E-03
+3.820000E-03,+197.997799E-03,+203.070036E-03
+3.825000E-03,+198.500312E-03,+201.546795E-03
+3.830000E-03,+198.500312E-03,+200.070664E-03
+3.835000E-03,+198.421794E-03,+198.107724E-03
+3.840000E-03,+198.720161E-03,+197.149810E-03
+3.845000E-03,+198.500312E-03,+196.663001E-03
+3.850000E-03,+198.500312E-03,+195.972046E-03
+3.855000E-03,+198.249056E-03,+195.830714E-03
+3.860000E-03,+198.500312E-03,+196.663001E-03
+3.865000E-03,+198.500312E-03,+197.259734E-03
+3.870000E-03,+198.249056E-03,+198.217649E-03
+3.875000E-03,+198.249056E-03,+200.196292E-03
+3.880000E-03,+197.997799E-03,+201.436870E-03
+3.885000E-03,+197.997799E-03,+203.038629E-03
+3.890000E-03,+198.374684E-03,+204.970161E-03
+3.895000E-03,+197.825061E-03,+205.708227E-03
+3.900000E-03,+198.296166E-03,+207.875312E-03
+3.905000E-03,+198.249056E-03,+207.215764E-03
+3.910000E-03,+198.264759E-03,+207.200061E-03
+3.915000E-03,+198.249056E-03,+206.352071E-03
+3.920000E-03,+198.264759E-03,+205.708227E-03
+3.925000E-03,+198.594533E-03,+205.456970E-03
+3.930000E-03,+197.856468E-03,+203.839508E-03
+3.935000E-03,+198.468905E-03,+201.688126E-03
+3.940000E-03,+198.500312E-03,+200.478955E-03
+3.945000E-03,+198.296166E-03,+198.484609E-03
+3.950000E-03,+198.343277E-03,+197.416770E-03
+3.955000E-03,+198.249056E-03,+196.804332E-03
+3.960000E-03,+198.421794E-03,+196.160488E-03
+3.965000E-03,+198.500312E-03,+196.191895E-03
+3.970000E-03,+198.249056E-03,+196.898553E-03
+3.975000E-03,+198.688754E-03,+197.416770E-03
+3.980000E-03,+198.406091E-03,+198.092021E-03
+3.985000E-03,+198.625940E-03,+200.054960E-03
+3.990000E-03,+198.327573E-03,+201.531091E-03
+3.995000E-03,+198.453201E-03,+203.038629E-03
+4.000000E-03,+198.735865E-03,+204.970161E-03
+4.005000E-03,+198.453201E-03,+205.880965E-03
+4.010000E-03,+198.327573E-03,+208.173679E-03
+4.015000E-03,+198.249056E-03,+207.482724E-03
+4.020000E-03,+198.249056E-03,+207.891016E-03
+4.025000E-03,+198.500312E-03,+207.215764E-03
+4.030000E-03,+198.249056E-03,+205.975187E-03
+4.035000E-03,+198.264759E-03,+205.739634E-03
+4.040000E-03,+198.374684E-03,+204.279207E-03
+4.045000E-03,+198.374684E-03,+202.174935E-03
+4.050000E-03,+198.500312E-03,+201.248428E-03
+4.055000E-03,+198.547422E-03,+199.442523E-03
+4.060000E-03,+198.500312E-03,+197.668026E-03
+4.065000E-03,+198.500312E-03,+197.196920E-03
+4.070000E-03,+198.249056E-03,+196.663001E-03
+4.075000E-03,+198.751568E-03,+196.820036E-03
+4.080000E-03,+198.374684E-03,+196.898553E-03
+4.085000E-03,+198.673051E-03,+197.495287E-03
+4.090000E-03,+198.264759E-03,+198.201945E-03
+4.095000E-03,+198.751568E-03,+200.180589E-03
+4.100000E-03,+198.500312E-03,+201.641016E-03
+4.105000E-03,+198.076317E-03,+203.179960E-03
+4.110000E-03,+198.500312E-03,+205.080086E-03
+4.115000E-03,+198.327573E-03,+205.802448E-03
+4.120000E-03,+198.201945E-03,+207.467021E-03
+4.125000E-03,+198.249056E-03,+207.969533E-03
+4.130000E-03,+198.249056E-03,+208.220790E-03
+4.135000E-03,+198.406091E-03,+207.812498E-03
+4.140000E-03,+198.249056E-03,+206.587624E-03
+4.145000E-03,+197.997799E-03,+205.880965E-03
+4.150000E-03,+198.437498E-03,+205.158604E-03
+4.155000E-03,+198.013503E-03,+202.944408E-03
+4.160000E-03,+198.500312E-03,+201.499684E-03
+4.165000E-03,+198.280463E-03,+200.149182E-03
+4.170000E-03,+198.249056E-03,+198.296167E-03
+4.175000E-03,+198.390387E-03,+197.573805E-03
+4.180000E-03,+197.997799E-03,+197.165513E-03
+4.185000E-03,+198.453201E-03,+197.149810E-03
+4.190000E-03,+198.720161E-03,+197.401066E-03
+4.195000E-03,+198.249056E-03,+197.620915E-03
+4.200000E-03,+198.249056E-03,+198.735865E-03
+4.205000E-03,+198.249056E-03,+200.557473E-03
+4.210000E-03,+198.610237E-03,+201.688126E-03
+4.215000E-03,+198.249056E-03,+203.478327E-03
+4.220000E-03,+198.484608E-03,+205.205714E-03
+4.225000E-03,+198.437498E-03,+205.959483E-03
+4.230000E-03,+198.076317E-03,+207.545538E-03
+4.235000E-03,+198.500312E-03,+208.346418E-03
+4.240000E-03,+198.076317E-03,+208.723302E-03
+4.245000E-03,+198.029206E-03,+208.472046E-03
+4.250000E-03,+197.997799E-03,+207.215764E-03
+4.255000E-03,+198.249056E-03,+206.304960E-03
+4.260000E-03,+198.327573E-03,+205.456970E-03
+4.265000E-03,+198.249056E-03,+203.572548E-03
+4.270000E-03,+198.311870E-03,+201.860865E-03
+4.275000E-03,+198.343277E-03,+200.793026E-03
+4.280000E-03,+198.249056E-03,+198.657347E-03
+4.285000E-03,+198.468905E-03,+197.699433E-03
+4.290000E-03,+198.421794E-03,+197.416770E-03
+4.295000E-03,+198.374684E-03,+197.416770E-03
+4.300000E-03,+198.500312E-03,+197.416770E-03
+4.305000E-03,+198.249056E-03,+197.730840E-03
+4.310000E-03,+198.500312E-03,+198.735865E-03
+4.315000E-03,+198.500312E-03,+200.887247E-03
+4.320000E-03,+198.358980E-03,+201.688126E-03
+4.325000E-03,+198.641644E-03,+203.352699E-03
+4.330000E-03,+198.249056E-03,+205.331342E-03
+4.335000E-03,+198.500312E-03,+206.038001E-03
+4.340000E-03,+198.500312E-03,+207.529835E-03
+4.345000E-03,+198.500312E-03,+208.472046E-03
+4.350000E-03,+198.688754E-03,+208.974558E-03
+4.355000E-03,+197.997799E-03,+208.974558E-03
+4.360000E-03,+198.358980E-03,+208.220790E-03
+4.365000E-03,+198.076317E-03,+206.885991E-03
+4.370000E-03,+198.406091E-03,+205.708227E-03
+4.375000E-03,+198.500312E-03,+204.703202E-03
+4.380000E-03,+197.997799E-03,+202.284860E-03
+4.385000E-03,+198.657347E-03,+201.185614E-03
+4.390000E-03,+198.249056E-03,+199.411116E-03
+4.395000E-03,+198.578830E-03,+198.249056E-03
+4.400000E-03,+198.688754E-03,+197.620915E-03
+4.405000E-03,+198.500312E-03,+197.416770E-03
+4.410000E-03,+198.500312E-03,+197.416770E-03
+4.415000E-03,+198.123428E-03,+197.919282E-03
+4.420000E-03,+198.610237E-03,+198.814383E-03
+4.425000E-03,+198.390387E-03,+200.887247E-03
+4.430000E-03,+198.249056E-03,+201.813754E-03
+4.435000E-03,+198.500312E-03,+203.509734E-03
+4.440000E-03,+198.500312E-03,+205.425563E-03
+4.445000E-03,+198.500312E-03,+206.100815E-03
+4.450000E-03,+198.390387E-03,+207.781091E-03
+4.455000E-03,+198.249056E-03,+208.597674E-03
+4.460000E-03,+198.751568E-03,+208.974558E-03
+4.465000E-03,+198.013503E-03,+209.429960E-03
+4.470000E-03,+198.500312E-03,+208.723302E-03
+4.475000E-03,+198.186242E-03,+207.372800E-03
+4.480000E-03,+198.327573E-03,+206.053704E-03
+4.485000E-03,+198.610237E-03,+204.970161E-03
+4.490000E-03,+198.076317E-03,+202.881594E-03
+4.495000E-03,+198.704458E-03,+201.436870E-03
+4.500000E-03,+198.735865E-03,+200.180589E-03
+4.505000E-03,+198.500312E-03,+198.217649E-03
+4.510000E-03,+198.657347E-03,+197.668026E-03
+4.515000E-03,+198.625940E-03,+197.558101E-03
+4.520000E-03,+198.908603E-03,+197.605212E-03
+4.525000E-03,+198.688754E-03,+197.730840E-03
+4.530000E-03,+198.484608E-03,+198.955714E-03
+4.535000E-03,+198.500312E-03,+200.918654E-03
+4.540000E-03,+198.060613E-03,+201.813754E-03
+4.545000E-03,+198.500312E-03,+203.478327E-03
+4.550000E-03,+198.500312E-03,+205.315639E-03
+4.555000E-03,+198.500312E-03,+206.273553E-03
+4.560000E-03,+198.751568E-03,+208.000940E-03
+4.565000E-03,+198.500312E-03,+209.272925E-03
+4.570000E-03,+198.688754E-03,+209.429960E-03
+4.575000E-03,+198.500312E-03,+209.225815E-03
+4.580000E-03,+198.358980E-03,+209.257222E-03
+4.585000E-03,+198.751568E-03,+207.796795E-03
+4.590000E-03,+198.249056E-03,+206.414885E-03
+4.595000E-03,+198.500312E-03,+205.221418E-03
+4.600000E-03,+198.547422E-03,+203.760991E-03
+4.605000E-03,+198.406091E-03,+201.782347E-03
+4.610000E-03,+198.625940E-03,+200.683101E-03
+4.615000E-03,+198.249056E-03,+198.845790E-03
+4.620000E-03,+198.657347E-03,+197.919282E-03
+4.625000E-03,+198.500312E-03,+197.668026E-03
+4.630000E-03,+198.782975E-03,+197.668026E-03
+4.635000E-03,+198.657347E-03,+197.919282E-03
+4.640000E-03,+198.123428E-03,+199.316895E-03
+4.645000E-03,+198.657347E-03,+200.777322E-03
+4.650000E-03,+198.688754E-03,+201.750940E-03
+4.655000E-03,+198.249056E-03,+203.478327E-03
+4.660000E-03,+198.249056E-03,+205.441267E-03
+4.665000E-03,+198.421794E-03,+206.336367E-03
+4.670000E-03,+198.610237E-03,+207.891016E-03
+4.675000E-03,+198.594533E-03,+209.539885E-03
+4.680000E-03,+198.500312E-03,+209.477071E-03
+4.685000E-03,+198.531719E-03,+209.477071E-03
+4.690000E-03,+198.264759E-03,+209.225815E-03
+4.695000E-03,+198.547422E-03,+207.671166E-03
+4.700000E-03,+198.500312E-03,+206.666141E-03
+4.705000E-03,+198.249056E-03,+205.456970E-03
+4.710000E-03,+198.374684E-03,+203.823805E-03
+4.715000E-03,+198.249056E-03,+201.923679E-03
+4.720000E-03,+198.720161E-03,+200.965764E-03
+4.725000E-03,+198.249056E-03,+199.332599E-03
+4.730000E-03,+198.578830E-03,+198.264760E-03
+4.735000E-03,+198.610237E-03,+198.044910E-03
+4.740000E-03,+198.657347E-03,+197.840765E-03
+4.745000E-03,+198.908603E-03,+198.217649E-03
+4.750000E-03,+198.500312E-03,+199.442523E-03
+4.755000E-03,+198.531719E-03,+200.902950E-03
+4.760000E-03,+198.751568E-03,+201.688126E-03
+4.765000E-03,+198.610237E-03,+203.211367E-03
+4.770000E-03,+198.500312E-03,+205.299935E-03
+4.775000E-03,+198.296166E-03,+206.273553E-03
+4.780000E-03,+198.484608E-03,+208.000940E-03
+4.785000E-03,+198.500312E-03,+209.649810E-03
+4.790000E-03,+198.249056E-03,+209.477071E-03
+4.795000E-03,+198.751568E-03,+209.618403E-03
+4.800000E-03,+198.249056E-03,+209.477071E-03
+4.805000E-03,+198.688754E-03,+207.922423E-03
+4.810000E-03,+198.516015E-03,+207.419910E-03
+4.815000E-03,+198.500312E-03,+205.739634E-03
+4.820000E-03,+198.751568E-03,+204.577574E-03
+4.825000E-03,+198.343277E-03,+202.253453E-03
+4.830000E-03,+198.374684E-03,+201.326945E-03
+4.835000E-03,+198.374684E-03,+199.725187E-03
+4.840000E-03,+198.468905E-03,+198.877197E-03
+4.845000E-03,+198.484608E-03,+197.934986E-03
+4.850000E-03,+198.044910E-03,+197.730840E-03
+4.855000E-03,+198.249056E-03,+198.249056E-03
+4.860000E-03,+198.358980E-03,+199.426820E-03
+4.865000E-03,+198.406091E-03,+200.777322E-03
+4.870000E-03,+198.500312E-03,+201.735237E-03
+4.875000E-03,+198.249056E-03,+203.462624E-03
+4.880000E-03,+198.453201E-03,+205.205714E-03
+4.885000E-03,+198.500312E-03,+206.132222E-03
+4.890000E-03,+198.249056E-03,+208.110865E-03
+4.895000E-03,+198.500312E-03,+209.414257E-03
+4.900000E-03,+198.343277E-03,+209.539885E-03
+4.905000E-03,+198.500312E-03,+209.492774E-03
+4.910000E-03,+198.516015E-03,+209.477071E-03
+4.915000E-03,+198.311870E-03,+208.613377E-03
+4.920000E-03,+198.625940E-03,+207.702573E-03
+4.925000E-03,+198.500312E-03,+206.022297E-03
+4.930000E-03,+198.547422E-03,+204.907347E-03
+4.935000E-03,+198.751568E-03,+202.661744E-03
+4.940000E-03,+198.264759E-03,+201.468277E-03
+4.945000E-03,+198.751568E-03,+200.054960E-03
+4.950000E-03,+198.343277E-03,+198.877197E-03
+4.955000E-03,+198.500312E-03,+198.060614E-03
+4.960000E-03,+198.563126E-03,+197.919282E-03
+4.965000E-03,+198.217649E-03,+198.421795E-03
+4.970000E-03,+198.735865E-03,+199.426820E-03
+4.975000E-03,+198.249056E-03,+200.887247E-03
+4.980000E-03,+198.657347E-03,+201.766644E-03
+4.985000E-03,+198.610237E-03,+203.321292E-03
+4.990000E-03,+198.500312E-03,+205.299935E-03
+4.995000E-03,+198.500312E-03,+206.053704E-03
+5.000000E-03,+198.500312E-03,+207.985237E-03
+5.005000E-03,+198.531719E-03,+209.445664E-03
+5.010000E-03,+198.406091E-03,+209.477071E-03
+5.015000E-03,+198.484608E-03,+209.728327E-03
+5.020000E-03,+198.421794E-03,+209.728327E-03
+5.025000E-03,+198.500312E-03,+209.037372E-03
+5.030000E-03,+198.500312E-03,+208.456342E-03
+5.035000E-03,+198.720161E-03,+206.493403E-03
+5.040000E-03,+198.123428E-03,+205.284232E-03
+5.045000E-03,+198.610237E-03,+203.289885E-03
+5.050000E-03,+198.500312E-03,+201.593905E-03
+5.055000E-03,+199.128453E-03,+200.573177E-03
+5.060000E-03,+198.516015E-03,+199.395413E-03
+5.065000E-03,+198.500312E-03,+198.406091E-03
+5.070000E-03,+198.940010E-03,+197.982096E-03
+5.075000E-03,+198.845789E-03,+198.578830E-03
+5.080000E-03,+198.500312E-03,+199.379709E-03
+5.085000E-03,+198.500312E-03,+201.012875E-03
+5.090000E-03,+198.264759E-03,+201.719533E-03
+5.095000E-03,+199.002825E-03,+202.944408E-03
+5.100000E-03,+198.437498E-03,+205.362749E-03
+5.105000E-03,+198.830086E-03,+206.132222E-03
+5.110000E-03,+198.484608E-03,+207.969533E-03
+5.115000E-03,+198.657347E-03,+209.477071E-03
+5.120000E-03,+198.327573E-03,+209.728327E-03
+5.125000E-03,+198.500312E-03,+209.744031E-03
+5.130000E-03,+198.751568E-03,+209.728327E-03
+5.135000E-03,+198.500312E-03,+209.571292E-03
+5.140000E-03,+198.107724E-03,+209.100187E-03
+5.145000E-03,+198.421794E-03,+207.043026E-03
+5.150000E-03,+198.500312E-03,+205.456970E-03
+5.155000E-03,+198.500312E-03,+203.933729E-03
+5.160000E-03,+198.516015E-03,+201.939383E-03
+5.165000E-03,+198.673051E-03,+201.264131E-03
+5.170000E-03,+198.500312E-03,+199.772297E-03
+5.175000E-03,+198.547422E-03,+198.782976E-03
+5.180000E-03,+198.547422E-03,+198.625940E-03
+5.185000E-03,+198.720161E-03,+198.924307E-03
+5.190000E-03,+198.751568E-03,+199.678076E-03
+5.195000E-03,+198.437498E-03,+201.138503E-03
+5.200000E-03,+198.343277E-03,+201.845161E-03
+5.205000E-03,+198.610237E-03,+203.179960E-03
+5.210000E-03,+198.311870E-03,+205.205714E-03
+5.215000E-03,+198.249056E-03,+206.242146E-03
+5.220000E-03,+198.500312E-03,+208.189383E-03
+5.225000E-03,+198.296166E-03,+209.429960E-03
+5.230000E-03,+198.814382E-03,+209.728327E-03
+5.235000E-03,+198.249056E-03,+209.869659E-03
+5.240000E-03,+198.500312E-03,+209.901066E-03
+5.245000E-03,+198.500312E-03,+209.696920E-03
+5.250000E-03,+198.249056E-03,+209.225815E-03
+5.255000E-03,+198.500312E-03,+207.514131E-03
+5.260000E-03,+198.500312E-03,+205.629709E-03
+5.265000E-03,+198.500312E-03,+204.703202E-03
+5.270000E-03,+198.500312E-03,+202.363378E-03
+5.275000E-03,+198.186242E-03,+201.389759E-03
+5.280000E-03,+198.500312E-03,+200.164885E-03
+5.285000E-03,+198.468905E-03,+199.175564E-03
+5.290000E-03,+198.563126E-03,+198.500312E-03
+5.295000E-03,+198.500312E-03,+198.814383E-03
+5.300000E-03,+198.500312E-03,+199.489634E-03
+5.305000E-03,+198.547422E-03,+200.997172E-03
+5.310000E-03,+198.264759E-03,+201.688126E-03
+5.315000E-03,+198.264759E-03,+203.164257E-03
+5.320000E-03,+198.688754E-03,+205.158604E-03
+5.325000E-03,+198.343277E-03,+205.865262E-03
+5.330000E-03,+198.500312E-03,+207.812498E-03
+5.335000E-03,+198.421794E-03,+209.304332E-03
+5.340000E-03,+198.500312E-03,+209.728327E-03
+5.345000E-03,+198.249056E-03,+209.979583E-03
+5.350000E-03,+198.044910E-03,+209.979583E-03
+5.355000E-03,+198.406091E-03,+209.728327E-03
+5.360000E-03,+198.500312E-03,+208.974558E-03
+5.365000E-03,+198.406091E-03,+207.639759E-03
+5.370000E-03,+198.453201E-03,+205.708227E-03
+5.375000E-03,+198.735865E-03,+204.703202E-03
+5.380000E-03,+198.249056E-03,+202.740262E-03
+5.385000E-03,+198.249056E-03,+201.531091E-03
+5.390000E-03,+198.500312E-03,+200.557473E-03
+5.395000E-03,+198.500312E-03,+199.175564E-03
+5.400000E-03,+198.249056E-03,+198.625940E-03
+5.405000E-03,+198.500312E-03,+198.704458E-03
+5.410000E-03,+198.249056E-03,+199.426820E-03
+5.415000E-03,+198.421794E-03,+200.683101E-03
+5.420000E-03,+198.374684E-03,+201.688126E-03
+5.425000E-03,+198.249056E-03,+203.007222E-03
+5.430000E-03,+198.547422E-03,+205.080086E-03
+5.435000E-03,+198.029206E-03,+205.990890E-03
+5.440000E-03,+198.280463E-03,+207.686870E-03
+5.445000E-03,+198.249056E-03,+209.429960E-03
+5.450000E-03,+198.641644E-03,+210.136619E-03
+5.455000E-03,+198.751568E-03,+210.105212E-03
+5.460000E-03,+198.421794E-03,+209.979583E-03
+5.465000E-03,+198.720161E-03,+209.728327E-03
+5.470000E-03,+198.249056E-03,+208.739006E-03
+5.475000E-03,+198.547422E-03,+208.330714E-03
+5.480000E-03,+198.406091E-03,+205.990890E-03
+5.485000E-03,+198.249056E-03,+205.221418E-03
+5.490000E-03,+198.657347E-03,+202.865890E-03
+5.495000E-03,+198.327573E-03,+201.656719E-03
+5.500000E-03,+198.249056E-03,+200.934357E-03
+5.505000E-03,+198.500312E-03,+199.725187E-03
+5.510000E-03,+198.406091E-03,+199.018528E-03
+5.515000E-03,+198.374684E-03,+198.924307E-03
+5.520000E-03,+198.327573E-03,+199.521041E-03
+5.525000E-03,+198.641644E-03,+200.934357E-03
+5.530000E-03,+198.735865E-03,+201.703830E-03
+5.535000E-03,+198.249056E-03,+202.897297E-03
+5.540000E-03,+198.500312E-03,+204.891644E-03
+5.545000E-03,+198.500312E-03,+205.849558E-03
+5.550000E-03,+198.390387E-03,+207.828202E-03
+5.555000E-03,+198.500312E-03,+209.288629E-03
+5.560000E-03,+198.217649E-03,+210.686242E-03
+5.565000E-03,+198.500312E-03,+210.215136E-03
+5.570000E-03,+198.500312E-03,+210.183729E-03
+5.575000E-03,+198.594533E-03,+209.979583E-03
+5.580000E-03,+198.249056E-03,+209.115890E-03
+5.585000E-03,+198.249056E-03,+208.848930E-03
+5.590000E-03,+198.500312E-03,+206.666141E-03
+5.595000E-03,+197.997799E-03,+205.472674E-03
+5.600000E-03,+198.249056E-03,+203.556845E-03
+5.605000E-03,+198.500312E-03,+201.782347E-03
+5.610000E-03,+198.374684E-03,+201.201317E-03
+5.615000E-03,+198.500312E-03,+200.102071E-03
+5.620000E-03,+198.280463E-03,+199.426820E-03
+5.625000E-03,+198.500312E-03,+199.175564E-03
+5.630000E-03,+198.531719E-03,+200.274810E-03
+5.635000E-03,+198.249056E-03,+200.855840E-03
+5.640000E-03,+198.500312E-03,+201.578202E-03
+5.645000E-03,+198.578830E-03,+202.473302E-03
+5.650000E-03,+198.688754E-03,+204.813126E-03
+5.655000E-03,+198.484608E-03,+205.723930E-03
+5.660000E-03,+198.217649E-03,+207.671166E-03
+5.665000E-03,+198.500312E-03,+209.225815E-03
+5.670000E-03,+198.500312E-03,+210.434986E-03
+5.675000E-03,+198.641644E-03,+209.979583E-03
+5.680000E-03,+198.296166E-03,+210.230840E-03
+5.685000E-03,+198.468905E-03,+210.010991E-03
+5.690000E-03,+198.468905E-03,+209.272925E-03
+5.695000E-03,+198.296166E-03,+209.288629E-03
+5.700000E-03,+198.500312E-03,+206.917398E-03
+5.705000E-03,+198.249056E-03,+205.456970E-03
+5.710000E-03,+198.249056E-03,+203.823805E-03
+5.715000E-03,+198.500312E-03,+201.923679E-03
+5.720000E-03,+198.249056E-03,+201.217021E-03
+5.725000E-03,+198.500312E-03,+200.494659E-03
+5.730000E-03,+198.657347E-03,+199.678076E-03
+5.735000E-03,+198.249056E-03,+199.301192E-03
+5.740000E-03,+198.500312E-03,+199.929332E-03
+5.745000E-03,+198.029206E-03,+200.777322E-03
+5.750000E-03,+198.249056E-03,+201.452574E-03
+5.755000E-03,+198.249056E-03,+202.614634E-03
+5.760000E-03,+198.249056E-03,+204.797423E-03
+5.765000E-03,+198.500312E-03,+205.849558E-03
+5.770000E-03,+198.249056E-03,+207.498428E-03
+5.775000E-03,+198.296166E-03,+209.225815E-03
+5.780000E-03,+198.516015E-03,+209.791141E-03
+5.785000E-03,+198.500312E-03,+210.230840E-03
+5.790000E-03,+198.500312E-03,+210.419282E-03
+5.795000E-03,+198.500312E-03,+210.356468E-03
+5.800000E-03,+198.751568E-03,+209.539885E-03
+5.805000E-03,+198.044910E-03,+209.429960E-03
+5.810000E-03,+198.468905E-03,+207.435614E-03
+5.815000E-03,+198.468905E-03,+205.708227E-03
+5.820000E-03,+198.249056E-03,+204.389131E-03
+5.825000E-03,+198.500312E-03,+202.394785E-03
+5.830000E-03,+198.217649E-03,+201.436870E-03
+5.835000E-03,+198.500312E-03,+200.808729E-03
+5.840000E-03,+198.249056E-03,+199.913629E-03
+5.845000E-03,+198.249056E-03,+199.678076E-03
+5.850000E-03,+198.500312E-03,+199.882222E-03
+5.855000E-03,+198.311870E-03,+201.012875E-03
+5.860000E-03,+198.249056E-03,+201.562498E-03
+5.865000E-03,+198.327573E-03,+202.284860E-03
+5.870000E-03,+198.201945E-03,+204.546166E-03
+5.875000E-03,+198.484608E-03,+205.723930E-03
+5.880000E-03,+198.406091E-03,+207.357096E-03
+5.885000E-03,+198.406091E-03,+209.225815E-03
+5.890000E-03,+198.233352E-03,+209.728327E-03
+5.895000E-03,+198.249056E-03,+210.073805E-03
+5.900000E-03,+198.500312E-03,+210.639131E-03
+5.905000E-03,+198.249056E-03,+210.230840E-03
+5.910000E-03,+198.516015E-03,+209.759734E-03
+5.915000E-03,+198.421794E-03,+209.477071E-03
+5.920000E-03,+198.249056E-03,+208.205086E-03
+5.925000E-03,+198.500312E-03,+205.865262E-03
+5.930000E-03,+198.500312E-03,+204.844533E-03
+5.935000E-03,+198.500312E-03,+202.426192E-03
+5.940000E-03,+198.468905E-03,+201.468277E-03
+5.945000E-03,+198.296166E-03,+200.557473E-03
+5.950000E-03,+198.641644E-03,+199.630966E-03
+5.955000E-03,+198.610237E-03,+199.678076E-03
+5.960000E-03,+198.751568E-03,+199.897925E-03
+5.965000E-03,+198.500312E-03,+200.714508E-03
+5.970000E-03,+198.249056E-03,+201.436870E-03
+5.975000E-03,+198.547422E-03,+202.347674E-03
+5.980000E-03,+198.406091E-03,+204.530463E-03
+5.985000E-03,+198.500312E-03,+205.582599E-03
+5.990000E-03,+198.500312E-03,+207.137247E-03
+5.995000E-03,+198.453201E-03,+209.068779E-03
+6.000000E-03,+198.484608E-03,+209.744031E-03
+6.005000E-03,+198.249056E-03,+210.277950E-03
+6.010000E-03,+198.578830E-03,+210.654835E-03
+6.015000E-03,+198.500312E-03,+210.372171E-03
+6.020000E-03,+198.500312E-03,+209.979583E-03
+6.025000E-03,+198.437498E-03,+209.681217E-03
+6.030000E-03,+198.249056E-03,+208.456342E-03
+6.035000E-03,+198.264759E-03,+206.242146E-03
+6.040000E-03,+198.500312E-03,+205.095790E-03
+6.045000E-03,+198.249056E-03,+203.179960E-03
+6.050000E-03,+198.343277E-03,+201.593905E-03
+6.055000E-03,+198.625940E-03,+201.185614E-03
+6.060000E-03,+198.720161E-03,+200.416141E-03
+6.065000E-03,+198.704458E-03,+199.929332E-03
+6.070000E-03,+198.547422E-03,+199.929332E-03
+6.075000E-03,+198.500312E-03,+200.745915E-03
+6.080000E-03,+198.358980E-03,+201.436870E-03
+6.085000E-03,+198.500312E-03,+202.159232E-03
+6.090000E-03,+198.751568E-03,+204.232096E-03
+6.095000E-03,+198.500312E-03,+205.456970E-03
+6.100000E-03,+198.751568E-03,+206.666141E-03
+6.105000E-03,+198.406091E-03,+208.896041E-03
+6.110000E-03,+198.500312E-03,+209.728327E-03
+6.115000E-03,+198.657347E-03,+210.230840E-03
+6.120000E-03,+198.500312E-03,+210.701945E-03
+6.125000E-03,+198.751568E-03,+210.733352E-03
+6.130000E-03,+198.249056E-03,+210.230840E-03
+6.135000E-03,+198.249056E-03,+209.571292E-03
+6.140000E-03,+198.249056E-03,+208.848930E-03
+6.145000E-03,+198.249056E-03,+206.540513E-03
+6.150000E-03,+198.500312E-03,+205.362749E-03
+6.155000E-03,+197.997799E-03,+203.682473E-03
+6.160000E-03,+198.500312E-03,+201.970790E-03
+6.165000E-03,+198.421794E-03,+201.436870E-03
+6.170000E-03,+198.500312E-03,+200.808729E-03
+6.175000E-03,+198.343277E-03,+200.180589E-03
+6.180000E-03,+198.500312E-03,+200.431845E-03
+6.185000E-03,+198.720161E-03,+200.730212E-03
+6.190000E-03,+198.249056E-03,+201.672423E-03
+6.195000E-03,+198.500312E-03,+202.190639E-03
+6.200000E-03,+198.249056E-03,+204.059357E-03
+6.205000E-03,+198.500312E-03,+205.582599E-03
+6.210000E-03,+198.673051E-03,+206.603327E-03
+6.215000E-03,+198.264759E-03,+208.786116E-03
+6.220000E-03,+198.264759E-03,+209.728327E-03
+6.225000E-03,+198.500312E-03,+210.843277E-03
+6.230000E-03,+198.578830E-03,+210.733352E-03
+6.235000E-03,+198.610237E-03,+210.607724E-03
+6.240000E-03,+198.500312E-03,+210.152322E-03
+6.245000E-03,+198.704458E-03,+209.320036E-03
+6.250000E-03,+198.500312E-03,+208.974558E-03
+6.255000E-03,+198.280463E-03,+206.838880E-03
+6.260000E-03,+198.406091E-03,+205.551192E-03
+6.265000E-03,+198.358980E-03,+203.808101E-03
+6.270000E-03,+198.406091E-03,+201.939383E-03
+6.275000E-03,+198.296166E-03,+201.389759E-03
+6.280000E-03,+198.484608E-03,+200.431845E-03
+6.285000E-03,+198.500312E-03,+199.740890E-03
+6.290000E-03,+198.500312E-03,+200.007850E-03
+6.295000E-03,+198.500312E-03,+200.824433E-03
+6.300000E-03,+198.500312E-03,+201.295538E-03
+6.305000E-03,+198.751568E-03,+202.190639E-03
+6.310000E-03,+198.751568E-03,+203.760991E-03
+6.315000E-03,+198.249056E-03,+205.441267E-03
+6.320000E-03,+198.500312E-03,+206.352071E-03
+6.325000E-03,+198.249056E-03,+208.786116E-03
+6.330000E-03,+198.249056E-03,+209.728327E-03
+6.335000E-03,+198.311870E-03,+211.031719E-03
+6.340000E-03,+198.468905E-03,+210.937498E-03
+6.345000E-03,+198.500312E-03,+210.984609E-03
+6.350000E-03,+198.249056E-03,+210.293654E-03
+6.355000E-03,+198.500312E-03,+209.335739E-03
+6.360000E-03,+198.358980E-03,+209.225815E-03
+6.365000E-03,+198.249056E-03,+207.309986E-03
+6.370000E-03,+198.249056E-03,+205.676820E-03
+6.375000E-03,+198.249056E-03,+204.451945E-03
+6.380000E-03,+198.531719E-03,+202.284860E-03
+6.385000E-03,+198.076317E-03,+201.531091E-03
+6.390000E-03,+198.107724E-03,+200.808729E-03
+6.395000E-03,+198.500312E-03,+200.431845E-03
+6.400000E-03,+198.500312E-03,+199.992146E-03
+6.405000E-03,+198.233352E-03,+200.934357E-03
+6.410000E-03,+198.249056E-03,+201.421167E-03
+6.415000E-03,+198.421794E-03,+201.939383E-03
+6.420000E-03,+198.610237E-03,+203.729584E-03
+6.425000E-03,+198.186242E-03,+205.315639E-03
+6.430000E-03,+198.437498E-03,+206.273553E-03
+6.435000E-03,+198.500312E-03,+208.503453E-03
+6.440000E-03,+198.264759E-03,+209.712624E-03
+6.445000E-03,+198.500312E-03,+210.937498E-03
+6.450000E-03,+198.500312E-03,+210.482096E-03
+6.455000E-03,+198.877196E-03,+210.874684E-03
+6.460000E-03,+198.673051E-03,+210.670538E-03
+6.465000E-03,+198.468905E-03,+209.681217E-03
+6.470000E-03,+198.249056E-03,+209.492774E-03
+6.475000E-03,+198.296166E-03,+207.671166E-03
+6.480000E-03,+198.421794E-03,+205.802448E-03
+6.485000E-03,+198.500312E-03,+204.718905E-03
+6.490000E-03,+198.327573E-03,+202.787373E-03
+6.495000E-03,+198.657347E-03,+201.436870E-03
+6.500000E-03,+198.249056E-03,+200.934357E-03
+6.505000E-03,+198.280463E-03,+200.274810E-03
+6.510000E-03,+198.657347E-03,+200.180589E-03
+6.515000E-03,+198.358980E-03,+200.824433E-03
+6.520000E-03,+198.500312E-03,+201.279835E-03
+6.525000E-03,+198.249056E-03,+201.939383E-03
+6.530000E-03,+198.233352E-03,+203.478327E-03
+6.535000E-03,+198.468905E-03,+205.158604E-03
+6.540000E-03,+198.123428E-03,+206.147925E-03
+6.545000E-03,+198.500312E-03,+207.891016E-03
+6.550000E-03,+198.641644E-03,+209.586996E-03
+6.555000E-03,+198.751568E-03,+210.356468E-03
+6.560000E-03,+198.516015E-03,+210.733352E-03
+6.565000E-03,+198.751568E-03,+211.016016E-03
+6.570000E-03,+199.002825E-03,+210.733352E-03
+6.575000E-03,+198.500312E-03,+209.838252E-03
+6.580000E-03,+198.877196E-03,+209.618403E-03
+6.585000E-03,+198.500312E-03,+208.597674E-03
+6.590000E-03,+198.500312E-03,+205.943780E-03
+6.595000E-03,+198.249056E-03,+205.205714E-03
+6.600000E-03,+198.641644E-03,+203.054332E-03
+6.605000E-03,+198.673051E-03,+201.688126E-03
+6.610000E-03,+198.233352E-03,+201.075689E-03
+6.615000E-03,+198.406091E-03,+200.683101E-03
+6.620000E-03,+198.500312E-03,+200.431845E-03
+6.625000E-03,+197.997799E-03,+200.934357E-03
+6.630000E-03,+198.908603E-03,+201.185614E-03
+6.635000E-03,+198.406091E-03,+201.688126E-03
+6.640000E-03,+198.625940E-03,+202.944408E-03
+6.645000E-03,+198.578830E-03,+205.048679E-03
+6.650000E-03,+198.249056E-03,+206.022297E-03
+6.655000E-03,+198.484608E-03,+208.252197E-03
+6.660000E-03,+198.516015E-03,+209.681217E-03
+6.665000E-03,+198.563126E-03,+209.979583E-03
+6.670000E-03,+198.625940E-03,+210.733352E-03
+6.675000E-03,+198.390387E-03,+211.235865E-03
+6.680000E-03,+198.798679E-03,+210.733352E-03
+6.685000E-03,+198.264759E-03,+210.215136E-03
+6.690000E-03,+198.516015E-03,+209.759734E-03
+6.695000E-03,+198.500312E-03,+208.597674E-03
+6.700000E-03,+198.390387E-03,+206.022297E-03
+6.705000E-03,+198.625940E-03,+205.205714E-03
+6.710000E-03,+198.421794E-03,+203.132850E-03
+6.715000E-03,+198.468905E-03,+201.688126E-03
+6.720000E-03,+198.500312E-03,+201.201317E-03
+6.725000E-03,+198.500312E-03,+200.683101E-03
+6.730000E-03,+198.327573E-03,+200.180589E-03
+6.735000E-03,+198.233352E-03,+200.431845E-03
+6.740000E-03,+198.500312E-03,+201.185614E-03
+6.745000E-03,+198.531719E-03,+201.735237E-03
+6.750000E-03,+198.484608E-03,+203.211367E-03
+6.755000E-03,+198.249056E-03,+205.127197E-03
+6.760000E-03,+198.076317E-03,+205.880965E-03
+6.765000E-03,+198.735865E-03,+207.733981E-03
+6.770000E-03,+198.406091E-03,+209.320036E-03
+6.775000E-03,+198.390387E-03,+210.042398E-03
+6.780000E-03,+198.484608E-03,+210.749056E-03
+6.785000E-03,+198.249056E-03,+211.235865E-03
+6.790000E-03,+198.563126E-03,+210.984609E-03
+6.795000E-03,+198.625940E-03,+210.356468E-03
+6.800000E-03,+198.343277E-03,+210.042398E-03
+6.805000E-03,+198.500312E-03,+209.115890E-03
+6.810000E-03,+198.249056E-03,+206.681845E-03
+6.815000E-03,+198.029206E-03,+205.456970E-03
+6.820000E-03,+198.437498E-03,+203.698177E-03
+6.825000E-03,+198.390387E-03,+201.939383E-03
+6.830000E-03,+198.751568E-03,+201.436870E-03
+6.835000E-03,+198.123428E-03,+200.934357E-03
+6.840000E-03,+198.720161E-03,+200.431845E-03
+6.845000E-03,+198.484608E-03,+200.683101E-03
+6.850000E-03,+198.249056E-03,+201.185614E-03
+6.855000E-03,+198.406091E-03,+201.688126E-03
+6.860000E-03,+198.249056E-03,+202.567523E-03
+6.865000E-03,+198.500312E-03,+204.797423E-03
+6.870000E-03,+198.406091E-03,+205.755337E-03
+6.875000E-03,+198.484608E-03,+207.482724E-03
+6.880000E-03,+198.500312E-03,+209.194408E-03
+6.885000E-03,+198.076317E-03,+209.979583E-03
+6.890000E-03,+198.500312E-03,+210.843277E-03
+6.895000E-03,+198.500312E-03,+211.330086E-03
+6.900000E-03,+198.751568E-03,+211.188754E-03
+6.905000E-03,+198.249056E-03,+210.717649E-03
+6.910000E-03,+198.249056E-03,+210.152322E-03
+6.915000E-03,+198.500312E-03,+209.304332E-03
+6.920000E-03,+198.374684E-03,+206.807473E-03
+6.925000E-03,+198.390387E-03,+205.614006E-03
+6.930000E-03,+198.547422E-03,+204.027950E-03
+6.935000E-03,+198.249056E-03,+201.939383E-03
+6.940000E-03,+198.704458E-03,+201.436870E-03
+6.945000E-03,+198.296166E-03,+200.808729E-03
+6.950000E-03,+198.751568E-03,+200.541770E-03
+6.955000E-03,+198.500312E-03,+200.416141E-03
+6.960000E-03,+198.421794E-03,+201.185614E-03
+6.965000E-03,+198.500312E-03,+201.688126E-03
+6.970000E-03,+198.484608E-03,+202.426192E-03
+6.975000E-03,+198.751568E-03,+204.357724E-03
+6.980000E-03,+198.500312E-03,+205.629709E-03
+6.985000E-03,+198.374684E-03,+207.215764E-03
+6.990000E-03,+198.406091E-03,+209.147297E-03
+6.995000E-03,+198.500312E-03,+209.775438E-03
+7.000000E-03,+198.500312E-03,+211.487121E-03
+7.005000E-03,+198.657347E-03,+211.235865E-03
+7.010000E-03,+198.578830E-03,+211.581342E-03
+7.015000E-03,+198.751568E-03,+210.858980E-03
+7.020000E-03,+198.249056E-03,+209.822548E-03
+7.025000E-03,+198.437498E-03,+209.429960E-03
+7.030000E-03,+198.249056E-03,+207.451317E-03
+7.035000E-03,+198.500312E-03,+205.739634E-03
+7.040000E-03,+198.500312E-03,+204.593277E-03
+7.045000E-03,+198.358980E-03,+202.536116E-03
+7.050000E-03,+198.500312E-03,+201.688126E-03
+7.055000E-03,+198.437498E-03,+201.138503E-03
+7.060000E-03,+198.249056E-03,+200.918654E-03
+7.065000E-03,+198.249056E-03,+200.683101E-03
+7.070000E-03,+198.249056E-03,+201.138503E-03
+7.075000E-03,+198.390387E-03,+201.593905E-03
+7.080000E-03,+198.374684E-03,+202.316267E-03
+7.085000E-03,+198.500312E-03,+204.169282E-03
+7.090000E-03,+198.500312E-03,+205.488378E-03
+7.095000E-03,+198.249056E-03,+206.948805E-03
+7.100000E-03,+198.688754E-03,+209.131594E-03
+7.105000E-03,+198.249056E-03,+209.728327E-03
+7.110000E-03,+198.625940E-03,+211.612749E-03
+7.115000E-03,+198.500312E-03,+211.157347E-03
+7.120000E-03,+198.500312E-03,+211.235865E-03
+7.125000E-03,+198.751568E-03,+210.984609E-03
+7.130000E-03,+198.657347E-03,+209.602699E-03
+7.135000E-03,+198.500312E-03,+209.477071E-03
+7.140000E-03,+198.107724E-03,+207.828202E-03
+7.145000E-03,+197.997799E-03,+205.880965E-03
+7.150000E-03,+198.437498E-03,+204.656091E-03
+7.155000E-03,+198.500312E-03,+202.426192E-03
+7.160000E-03,+198.264759E-03,+201.688126E-03
+7.165000E-03,+198.374684E-03,+201.012875E-03
+7.170000E-03,+198.500312E-03,+200.573177E-03
+7.175000E-03,+198.343277E-03,+200.431845E-03
+7.180000E-03,+198.296166E-03,+201.185614E-03
+7.185000E-03,+198.280463E-03,+201.468277E-03
+7.190000E-03,+198.500312E-03,+201.939383E-03
+7.195000E-03,+198.249056E-03,+204.342021E-03
+7.200000E-03,+198.500312E-03,+205.362749E-03
+7.205000E-03,+198.500312E-03,+206.666141E-03
+7.210000E-03,+198.421794E-03,+208.864634E-03
+7.215000E-03,+198.468905E-03,+209.759734E-03
+7.220000E-03,+198.500312E-03,+211.455714E-03
+7.225000E-03,+198.641644E-03,+211.188754E-03
+7.230000E-03,+198.170538E-03,+211.738377E-03
+7.235000E-03,+198.500312E-03,+210.984609E-03
+7.240000E-03,+198.249056E-03,+209.995287E-03
+7.245000E-03,+198.249056E-03,+209.696920E-03
+7.250000E-03,+198.249056E-03,+208.220790E-03
+7.255000E-03,+198.280463E-03,+206.006594E-03
+7.260000E-03,+198.500312E-03,+204.875940E-03
+7.265000E-03,+198.249056E-03,+202.803076E-03
+7.270000E-03,+198.249056E-03,+201.688126E-03
+7.275000E-03,+198.044910E-03,+201.342649E-03
+7.280000E-03,+198.249056E-03,+200.683101E-03
+7.285000E-03,+198.500312E-03,+200.463252E-03
+7.290000E-03,+198.170538E-03,+200.871543E-03
+7.295000E-03,+198.374684E-03,+201.436870E-03
+7.300000E-03,+198.249056E-03,+201.892272E-03
+7.305000E-03,+198.186242E-03,+203.384106E-03
+7.310000E-03,+198.500312E-03,+205.456970E-03
+7.315000E-03,+198.249056E-03,+206.446292E-03
+7.320000E-03,+198.500312E-03,+208.424935E-03
+7.325000E-03,+198.296166E-03,+209.477071E-03
+7.330000E-03,+198.374684E-03,+210.686242E-03
+7.335000E-03,+198.500312E-03,+211.063126E-03
+7.340000E-03,+198.044910E-03,+211.487121E-03
+7.345000E-03,+198.735865E-03,+211.251568E-03
+7.350000E-03,+198.437498E-03,+210.293654E-03
+7.355000E-03,+198.311870E-03,+209.728327E-03
+7.360000E-03,+198.374684E-03,+208.613377E-03
+7.365000E-03,+198.406091E-03,+206.132222E-03
+7.370000E-03,+198.249056E-03,+205.174307E-03
+7.375000E-03,+198.249056E-03,+203.195664E-03
+7.380000E-03,+198.327573E-03,+201.735237E-03
+7.385000E-03,+198.500312E-03,+201.436870E-03
+7.390000E-03,+198.374684E-03,+200.557473E-03
+7.395000E-03,+198.500312E-03,+200.855840E-03
+7.400000E-03,+198.547422E-03,+200.934357E-03
+7.405000E-03,+198.249056E-03,+201.436870E-03
+7.410000E-03,+198.468905E-03,+201.939383E-03
+7.415000E-03,+198.500312E-03,+203.572548E-03
+7.420000E-03,+198.751568E-03,+205.095790E-03
+7.425000E-03,+198.092020E-03,+206.273553E-03
+7.430000E-03,+198.500312E-03,+208.597674E-03
+7.435000E-03,+198.751568E-03,+209.728327E-03
+7.440000E-03,+198.751568E-03,+210.230840E-03
+7.445000E-03,+198.547422E-03,+211.188754E-03
+7.450000E-03,+198.547422E-03,+211.487121E-03
+7.455000E-03,+198.751568E-03,+211.377197E-03
+7.460000E-03,+198.814382E-03,+210.482096E-03
+7.465000E-03,+198.013503E-03,+209.728327E-03
+7.470000E-03,+198.500312E-03,+209.225815E-03
+7.475000E-03,+197.997799E-03,+206.571920E-03
+7.480000E-03,+198.327573E-03,+205.456970E-03
+7.485000E-03,+198.358980E-03,+203.462624E-03
+7.490000E-03,+198.327573E-03,+202.112121E-03
+7.495000E-03,+198.500312E-03,+201.436870E-03
+7.500000E-03,+198.500312E-03,+200.934357E-03
+7.505000E-03,+198.249056E-03,+200.683101E-03
+7.510000E-03,+198.500312E-03,+200.855840E-03
+7.515000E-03,+198.358980E-03,+201.326945E-03
+7.520000E-03,+198.814382E-03,+201.782347E-03
+7.525000E-03,+198.249056E-03,+203.054332E-03
+7.530000E-03,+198.500312E-03,+205.221418E-03
+7.535000E-03,+198.264759E-03,+206.163629E-03
+7.540000E-03,+198.249056E-03,+208.016644E-03
+7.545000E-03,+198.500312E-03,+209.477071E-03
+7.550000E-03,+198.343277E-03,+210.340764E-03
+7.555000E-03,+198.688754E-03,+210.858980E-03
+7.560000E-03,+198.516015E-03,+211.282975E-03
+7.565000E-03,+198.516015E-03,+211.487121E-03
+7.570000E-03,+198.249056E-03,+210.796166E-03
+7.575000E-03,+198.249056E-03,+210.042398E-03
+7.580000E-03,+198.374684E-03,+209.367146E-03
+7.585000E-03,+197.997799E-03,+207.011619E-03
+7.590000E-03,+198.013503E-03,+205.456970E-03
+7.595000E-03,+197.997799E-03,+204.232096E-03
+7.600000E-03,+198.249056E-03,+202.253453E-03
+7.605000E-03,+198.327573E-03,+201.436870E-03
+7.610000E-03,+197.997799E-03,+201.059986E-03
+7.615000E-03,+198.154835E-03,+200.604584E-03
+7.620000E-03,+198.500312E-03,+200.730212E-03
+7.625000E-03,+197.997799E-03,+201.436870E-03
+7.630000E-03,+198.531719E-03,+201.907976E-03
+7.635000E-03,+198.327573E-03,+202.865890E-03
+7.640000E-03,+198.107724E-03,+205.095790E-03
+7.645000E-03,+198.249056E-03,+205.896669E-03
+7.650000E-03,+197.997799E-03,+207.781091E-03
+7.655000E-03,+198.249056E-03,+209.477071E-03
+7.660000E-03,+197.997799E-03,+210.215136E-03
+7.665000E-03,+198.311870E-03,+211.345790E-03
+7.670000E-03,+198.751568E-03,+211.487121E-03
+7.675000E-03,+198.500312E-03,+211.801192E-03
+7.680000E-03,+198.437498E-03,+210.686242E-03
+7.685000E-03,+198.500312E-03,+210.450689E-03
+7.690000E-03,+198.767272E-03,+209.257222E-03
+7.695000E-03,+198.296166E-03,+207.152950E-03
+7.700000E-03,+198.092020E-03,+205.566895E-03
+7.705000E-03,+198.374684E-03,+204.373428E-03
+7.710000E-03,+198.563126E-03,+202.379081E-03
+7.715000E-03,+198.249056E-03,+201.672423E-03
+7.720000E-03,+198.264759E-03,+201.185614E-03
+7.725000E-03,+198.500312E-03,+200.745915E-03
+7.730000E-03,+198.500312E-03,+200.934357E-03
+7.735000E-03,+198.249056E-03,+201.185614E-03
+7.740000E-03,+198.249056E-03,+201.688126E-03
+7.745000E-03,+198.500312E-03,+202.740262E-03
+7.750000E-03,+198.233352E-03,+204.718905E-03
+7.755000E-03,+198.500312E-03,+205.928076E-03
+7.760000E-03,+197.903578E-03,+207.733981E-03
+7.765000E-03,+198.249056E-03,+209.367146E-03
+7.770000E-03,+198.406091E-03,+210.073805E-03
+7.775000E-03,+198.296166E-03,+211.801192E-03
+7.780000E-03,+198.500312E-03,+211.487121E-03
+7.785000E-03,+198.264759E-03,+211.722674E-03
+7.790000E-03,+198.500312E-03,+211.125940E-03
+7.795000E-03,+198.500312E-03,+209.901066E-03
+7.800000E-03,+198.390387E-03,+209.634106E-03
+7.805000E-03,+198.688754E-03,+207.608352E-03
+7.810000E-03,+198.468905E-03,+205.928076E-03
+7.815000E-03,+198.500312E-03,+204.514759E-03
+7.820000E-03,+198.374684E-03,+202.567523E-03
+7.825000E-03,+198.500312E-03,+201.688126E-03
+7.830000E-03,+198.358980E-03,+201.185614E-03
+7.835000E-03,+198.500312E-03,+200.761619E-03
+7.840000E-03,+198.500312E-03,+200.714508E-03
+7.845000E-03,+198.484608E-03,+201.185614E-03
+7.850000E-03,+198.437498E-03,+201.641016E-03
+7.855000E-03,+198.154835E-03,+202.363378E-03
+7.860000E-03,+197.997799E-03,+204.326317E-03
+7.865000E-03,+198.578830E-03,+205.551192E-03
+7.870000E-03,+198.249056E-03,+207.058729E-03
+7.875000E-03,+198.484608E-03,+209.241518E-03
+7.880000E-03,+198.280463E-03,+209.948176E-03
+7.885000E-03,+198.578830E-03,+211.848302E-03
+7.890000E-03,+198.751568E-03,+211.361493E-03
+7.895000E-03,+198.249056E-03,+211.659860E-03
+7.900000E-03,+198.044910E-03,+210.937498E-03
+7.905000E-03,+198.264759E-03,+209.524181E-03
+7.910000E-03,+198.249056E-03,+209.508478E-03
+7.915000E-03,+198.201945E-03,+208.189383E-03
+7.920000E-03,+198.249056E-03,+205.833855E-03
+7.925000E-03,+198.547422E-03,+204.860237E-03
+7.930000E-03,+198.296166E-03,+202.834483E-03
+7.935000E-03,+198.453201E-03,+201.688126E-03
+7.940000E-03,+198.720161E-03,+201.436870E-03
+7.945000E-03,+198.437498E-03,+200.997172E-03
+7.950000E-03,+198.594533E-03,+200.840136E-03
+7.955000E-03,+198.374684E-03,+201.185614E-03
+7.960000E-03,+198.170538E-03,+201.688126E-03
+7.965000E-03,+198.720161E-03,+202.222046E-03
+7.970000E-03,+198.013503E-03,+204.200689E-03
+7.975000E-03,+198.547422E-03,+205.661116E-03
+7.980000E-03,+198.406091E-03,+206.948805E-03
+7.985000E-03,+198.249056E-03,+209.100187E-03
+7.990000E-03,+198.578830E-03,+209.822548E-03
+7.995000E-03,+197.997799E-03,+211.408604E-03
